"Player","Team","VAR","ADP","Pos","Site Pos","GP","G","A","PTS","(+/-)","PIM","EV","PPG","PPA","PPP","SOG","ATOI","FOW","BLK","HIT"
"Nathan MacKinnon","Avalanche","462.9"," - ","C","-","77.3","39.4","81.9","121.4","14.3","38.9","29.7","9.7","30.3","40","351.4","22.8","658","56.4","45.1"
"Connor McDavid","Oilers","402.46"," - ","C","-","76.3","36.6","89.6","126.2","13.3","31.2","24.5","11.1","33.6","44.7","258.8","21.9","443.6","29.7","77.8"
"Nikita Kucherov","Lightning","397.3"," - ","RW","-","77.3","36.6","85.7","122.3","6.4","34.7","27.3","9.2","37.9","47.1","268.9","21","1.4","27.7","35.5"
"David Pastrnak","Bruins","380.87"," - ","RW","-","79.5","46.2","59.3","105.5","6.2","41.7","34.9","11.3","17.3","28.6","345.2","20.1","5.3","23","65.9"
"Leon Draisaitl","Oilers","354.55"," - ","LW","-","78","49.9","63.3","113.2","13.2","47","28.7","21.1","20.2","41.3","241.4","21.3","756.5","29.1","42.7"
"Kirill Kaprizov","Wild","308.45"," - ","LW","-","74.3","46.6","51.2","97.8","9.3","35","31.5","15.1","20","35.1","281.9","22.5","0.5","34.1","50.8"
"Auston Matthews","Maple Leafs","306.11"," - ","C","-","73.8","49.2","43.3","92.5","12.1","20.2","34","14.1","13.9","28","311.3","20.6","680.5","90.7","65.8"
"Cale Makar","Avalanche","293.25"," - ","D","-","73.5","24.2","60.5","84.7","21.2","17.1","14","8.9","25.6","34.5","223.4","25.6","0","121.9","47.9"
"Artemi Panarin","Rangers","266.28"," - ","LW","-","79.8","39.4","60","99.4","1","22.2","30.3","9.1","24.4","33.5","252.1","20.1","1.4","11.9","19.4"
"William Nylander","Maple Leafs","263.74"," - ","RW","-","82","43.1","47.1","90.2","3.6","26.1","30.8","11.3","20.4","31.7","284.5","19.7","61.2","27.6","20.7"
"Quinn Hughes","Canucks","243.22"," - ","D","-","76","15.2","68.8","84","16.4","34","11.1","4.1","29.9","34","194.7","25.7","0","64.7","21.8"
"Mikko Rantanen","Stars","226.38"," - ","RW","-","79.8","38.1","55","93.1","6.8","58.8","26.2","11.9","19.5","31.4","240.1","21.7","189.3","42.4","53.1"
"Jack Hughes","Devils","216.26"," - ","C","-","70","32.6","50.8","83.4","2.2","15.2","23.8","8.2","23.4","31.6","286.3","20.9","210.1","24.2","9.1"
"Zach Werenski","Blue Jackets","209.43"," - ","D","-","73","17.9","51.8","69.6","5.6","25.9","13.7","3.6","15.6","19.2","253.6","26.5","0","127.8","20.4"
"Evan Bouchard","Oilers","197.94"," - ","D","-","81.5","14.7","54.6","69.3","19.6","32.4","10.1","4.6","22.9","27.5","223.5","23.3","0","102.4","57.2"
"Kyle Connor","Jets","196.69"," - ","LW","-","77","37.9","46.7","84.6","2.4","18.5","29.2","7.7","18.2","25.9","260","20.7","1.5","33.9","23.3"
"Roman Josi","Predators","189.19"," - ","D","-","74.5","17.4","48.2","65.6","-9.5","34.5","11.3","6.1","20.9","27","241.5","25","0","136.8","51.8"
"Filip Forsberg","Predators","185.69"," - ","LW","-","77.7","35.2","42.5","77.7","-4.7","40.5","25.1","10.2","16.1","26.3","287.5","18.8","5.7","44.3","139.7"
"Sidney Crosby","Penguins","184.34"," - ","C","-","78.3","34.6","54.4","89","-3","36.3","24.2","10.4","14.4","24.8","239.5","20.2","996.3","37.3","75.3"
"Brady Tkachuk","Senators","182.73"," - ","LW","-","78.5","33.5","34.4","67.9","-0.8","130.5","20.4","13.2","11.2","24.4","333.6","18.7","225.6","29.8","258.5"
"Jack Eichel","Knights","168.38"," - ","C","-","71.2","29.4","52.9","82.3","11.2","14","22.3","6.5","20.6","27.1","250.1","20.5","493.1","57","30.5"
"Sam Reinhart","Panthers","168.2"," - ","RW","-","80.3","42","39.4","81.4","5.1","25.6","20.6","17.5","12.7","30.2","222.4","20.4","223.9","60","86.6"
"Rasmus Dahlin","Sabres","160.41"," - ","D","-","78","17.5","48.1","65.5","6.7","64.2","12","5.5","17","22.5","210.3","24.3","0","118.8","130.3"
"Jason Robertson","Stars","155.25"," - ","LW","-","80","34","48.7","82.8","8.6","19.1","24.6","9.4","15.7","25.1","229.4","18.1","3.4","34.6","62.5"
"Brayden Point","Lightning","155"," - ","C","-","76.5","42.9","40.2","83.1","1.8","8.8","27.3","15.7","14.1","29.8","200.9","19.5","367.4","35.7","23.7"
"Clayton Keller","Utah","147.19"," - ","RW","-","77","31.6","51.6","83.2","-6.3","32.4","22.6","8.8","22.3","31.1","218.5","19.9","18.2","29.2","14.8"
"Mitch Marner","Knights","143.95"," - ","RW","-","75.5","26.7","67.4","94.1","9.3","17.4","18.1","7","24","31","168.9","21.3","6.2","42.8","51.9"
"Matt Boldy","Wild","140.66"," - ","LW","-","79.3","31.1","43","74.1","1.2","49.5","22.7","8.4","16.1","24.5","263.3","20.3","56.6","50.6","49.4"
"Tage Thompson","Sabres","139.82"," - ","RW","-","75.8","40.7","31.9","72.6","-0.3","39.2","29.7","10.2","9.5","19.7","259.2","18.8","340.9","29.8","71.9"
"Jesper Bratt","Devils","139.71"," - ","RW","-","80.3","25.4","60","85.4","1.6","14.2","18.6","5.8","24.4","30.2","211.8","19.5","2.6","32.9","75"
"Jake Guentzel","Lightning","137.36"," - ","LW","-","75.3","36.4","41.1","77.5","8.6","27.2","23.9","12","13.1","25.1","227.3","20","91.5","42.4","44.1"
"Josh Morrissey","Jets","131.31"," - ","D","-","79.5","13","53.3","66.3","19.6","32.2","10.5","2.5","19.5","22","178.8","24.3","0","106.6","68.8"
"Cole Caufield","Canadiens","127.1"," - ","RW","-","79.6","35.5","33.3","68.8","0.8","13.8","25.4","10.1","8.7","18.8","274.9","19.4","5.8","27.3","59.3"
"Victor Hedman","Lightning","125.09"," - ","D","-","78.8","13","51.8","64.8","16.2","45.9","9.4","3.4","21.5","24.9","174","23.1","0","100.8","56.2"
"Adam Fox","Rangers","121.89"," - ","D","-","76.5","13.1","56.6","69.7","17","35.1","9.6","2.7","23.1","25.8","146","24","0","116.9","40.2"
"Dylan Guenther","Utah","121.89"," - ","RW","-","76.7","32.9","37","70","-2.8","30.3","16.9","15.5","15.9","31.4","244","18.6","11.4","47.3","62.9"
"Matvei Michkov","Flyers","116.99"," - ","RW","-","80","32.5","41","73.5","-5","46","22.5","10","10","20","250","18.5","21.1","25.5","32.2"
"Adrian Kempe","Kings","116.59"," - ","RW","-","79.5","33.7","38.6","72.3","9.5","50.8","24.7","7.1","14.1","21.2","241.5","19.1","9.3","29.6","106.4"
"Nazem Kadri","Flames","116.58"," - ","C","-","79.3","31.1","36.5","67.7","-6","59.9","21.5","9.7","11.8","21.5","276.1","19.4","635.4","27.8","63.7"
"Sebastian Aho","Hurricanes","109.71"," - ","C","-","77.8","32.3","44.7","77","7.9","41.8","22.7","7.2","17","24.2","210.3","19.8","605.3","23.6","55.1"
"Alex DeBrincat","Red Wings","109.44"," - ","RW","-","82","34.4","34.9","69.4","-5.8","33.1","21.9","12.5","13.8","26.3","242.5","17.9","19.7","36.5","56.6"
"Brandon Hagel","Lightning","107.76"," - ","LW","-","80.5","32.4","50.6","83","10.8","65.7","28.7","2","8.4","10.4","210.3","20.8","16.6","47","60.9"
"Martin Necas","Avalanche","106.82"," - ","RW","-","79","27.4","47","74.4","0.3","28.4","16.8","10.6","17.9","28.5","224.2","19.2","77.7","25.9","68.8"
"John Tavares","Maple Leafs","100.18"," - ","C","-","78.5","31.8","37.7","69.6","2.2","39","20.7","11.1","11.4","22.5","241.1","17.9","774.6","40.6","109.4"
"Nick Suzuki","Canadiens","95.61"," - ","C","-","82","30.5","51.2","81.7","1.4","21.6","21.8","7.2","19.5","26.7","175.8","20.8","685.4","59.7","63.1"
"Dylan Larkin","Red Wings","92.87"," - ","C","-","75.3","30.7","39.2","69.9","-3.8","39.8","16.3","13.6","13.3","26.9","227.2","20.1","782","30.7","43.7"
"Kevin Fiala","Kings","88.25"," - ","LW","-","78.5","31.2","35.7","66.9","-1.4","48.6","19.3","11.9","14.8","26.7","233.4","18.5","12.2","20.7","63"
"Shea Theodore","Knights","88.13"," - ","D","-","71.9","8.4","55.2","63.7","17","23.5","5.9","2.6","18","20.6","157.6","23","0","103.3","11.3"
"Macklin Celebrini","Sharks","87.43"," - ","C","-","70.4","26.6","40.9","67.5","-8","29.7","18.1","8.5","15.1","23.6","250.6","20.9","538.5","56.2","39.2"
"Jordan Kyrou","Blues","81.23"," - ","RW","-","79.3","33.2","33.6","66.7","0.4","20.1","25.5","7.7","10.9","18.6","238.6","17.6","4.2","31.9","34.4"
"Tim Stützle","Senators","76.76"," - ","C","-","78.5","24.8","53.3","78","-3","41.6","19.6","4.6","23.3","27.9","183.3","20.6","210.1","43.7","116.4"
"Alex Ovechkin","Capitals","74.08"," - ","LW","-","73.5","33.1","27.7","60.8","-1.2","21.6","21.7","11.5","9.5","21","253.1","17.7","0.7","18.2","138.6"
"Dougie Hamilton","Devils","73.76"," - ","D","-","69.3","12.8","36.1","48.8","7.1","38.6","6.1","6.6","12.6","19.2","205.8","20","0","66.5","67.7"
"J.T. Miller","Rangers","73.18"," - ","C","-","78.5","25.4","53.8","79.1","3","56.5","17.2","6.8","21.4","28.2","169.1","18.5","660.6","53","188.5"
"Mika Zibanejad","Rangers","71.25"," - ","C","-","81.5","26","44","70","-0.9","24.8","13.9","11.2","15.1","26.3","212.9","19.9","589.8","48.9","51.8"
"Mark Scheifele","Jets","66.74"," - ","C","-","76","33.9","42.3","76.1","4.4","54.6","24.6","9.3","12.2","21.5","170.5","20.5","590.2","47.3","63.5"
"Pavel Dorofeyev","Knights","66.33"," - ","LW","-","81.4","36.6","20.4","57","3.5","31.2","25.7","11","4.1","15.1","264.1","17.8","3.4","42.8","31.8"
"Nico Hischier","Devils","65.17"," - ","C","-","74.3","31.6","38.5","70","4.4","15.6","20.6","10.1","13.1","23.2","197.2","20","901.3","44.9","41.5"
"Wyatt Johnston","Stars","64.05"," - ","C","-","82","33.2","34.9","68.2","3.5","24.4","23.1","7.5","10.7","18.2","212.9","18.9","385.7","44.7","46.1"
"Carter Verhaeghe","Panthers","61.47"," - ","LW","-","79","28.4","34.2","62.7","0.1","42.8","22.1","6.3","10.7","17","249.7","17.9","23.4","24.2","72.9"
"Lucas Raymond","Red Wings","51.35"," - ","RW","-","80","27.1","45.7","72.8","-7.4","23.5","19.6","7","20.7","27.7","176.4","18.8","2.7","29.6","52"
"Brandon Montour","Kraken","51.23"," - ","D","-","77","14.4","29.7","44.1","-9","68.9","11.1","3.4","13.5","16.9","212.6","23","0","85.6","91.2"
"Erik Karlsson","Penguins","50.44"," - ","D","-","74","11.8","42.9","54.7","-13.5","26.7","9.6","2.2","13.3","15.5","176","23.3","0","71.8","29.1"
"Noah Dobson","Canadiens","49.28"," - ","D","-","77","10.4","39.8","50.3","-3.4","28.9","8.7","1.7","15.2","16.9","189.1","22.3","0","136.7","65.1"
"Mackenzie Weegar","Flames","49.06"," - ","D","-","81","11.5","35.9","47.4","6.4","42.1","8.5","3.1","13.4","16.5","194.3","24.2","0","185.9","213.6"
"Aleksander Barkov","Panthers","45.47"," - ","C","-","68.8","21.1","52.6","73.7","6.3","16.8","13","7.4","20.7","28.1","170.7","19.9","611.3","49.6","84.5"
"Robert Thomas","Blues","44.39"," - ","C","-","74.3","22.4","58.4","80.8","5.8","29.7","16.3","5","17.4","22.4","148","20.5","773.4","44.7","14.5"
"Joel Eriksson Ek","Wild","43.35"," - ","C","-","77.3","25.8","31.4","57.3","6.8","47.5","14.4","10.6","9.2","19.8","249.4","19.8","724.8","54.7","144.7"
"Vincent Trocheck","Rangers","42.32"," - ","C","-","82","25.4","41.5","66.9","2.9","51","14.3","7.8","9.3","17.1","214.2","21.3","882.9","74.9","198.9"
"Miro Heiskanen","Stars","41.63"," - ","D","-","73.3","8.7","42.1","50.8","9.7","26.4","7.5","1.2","18.1","19.3","169.1","25","0","105.5","41.7"
"Travis Konecny","Flyers","41.33"," - ","RW","-","74.3","27.9","42.2","70.1","-4.6","61.2","18.8","6.1","7.8","13.9","204.6","20.6","36.7","37","84.9"
"Jake Sanderson","Senators","39.42"," - ","D","-","78.7","9.7","38.2","47.9","-5.7","16","5.8","3.9","19.3","23.2","177.2","24.5","0.3","155.9","43.8"
"Thomas Harley","Stars","37.56"," - ","D","-","78.5","15.5","33.4","48.8","31.3","17.1","14.1","1","11.6","12.6","160.8","22.5","0","120.4","46.5"
"Jakob Chychrun","Capitals","37.55"," - ","D","-","78","16.9","27.7","44.6","0.2","53","11.2","5.7","9","14.7","189.4","21","0","110.4","65.4"
"Seth Jarvis","Hurricanes","35.99"," - ","RW","-","78.7","30.4","34.4","64.8","7.9","15.3","18.9","8","9.6","17.6","201.5","19","81.5","51.8","100.4"
"Tyler Toffoli","Sharks","35.84"," - ","RW","-","78.3","31.6","26","57.6","-4.8","16.5","23.3","8.3","9.4","17.7","237.5","17","16.4","21.6","61.5"
"Dylan Strome","Capitals","35.43"," - ","C","-","81.7","24.7","48.2","72.9","-2","29.1","18.4","6.3","21.4","27.7","160.6","18","681.9","54.8","19.5"
"Bo Horvat","Islanders","35.36"," - ","C","-","77.8","30.4","30.4","60.8","-1.2","23","21.8","6.6","6.2","12.8","234.3","20.2","774.9","40.9","77.2"
"Lane Hutson","Canadiens","35.1"," - ","D","-","80.5","5.8","60.6","66.4","-2","33.2","4.8","1","24.4","25.4","91.9","23.2","0","120.3","40.1"
"Mikhail Sergachev","Utah","34.81"," - ","D","-","77","12.3","42.4","54.7","-8.4","38.1","9.2","2.5","20.6","23.1","137.8","25","0","120.3","80.7"
"Kirill Marchenko","Blue Jackets","31.53"," - ","RW","-","77.3","28.6","35.9","64.5","4.6","18.4","23.1","5.5","12.6","18.1","202.6","18","17.4","40","54.2"
"John Carlson","Capitals","30.07"," - ","D","-","79.7","7.7","42.2","49.9","5.3","27.3","4.4","3.1","13.6","16.7","170.7","23.5","0","148.4","56.5"
"Roope Hintz","Stars","28.95"," - ","C","-","77.3","30.4","37.7","68","11.5","27.5","20.7","7.7","12.2","19.9","171.9","17.1","376.9","42.7","46.6"
"Alex Tuch","Sabres","23.72"," - ","RW","-","77","31","34.5","65.4","6.6","43.6","24","3.5","8.9","12.4","195.7","19.3","56.7","88.4","68"
"Jonathan Marchessault","Predators","20.62"," - ","RW","-","78","26.3","31.7","58","-7.4","34.9","20.7","5.6","13.6","19.2","228.7","17.9","14.1","22.6","86"
"Timo Meier","Devils","13.6"," - ","RW","-","76","28.6","25.3","53.9","-4.4","50.1","19","9.6","6.2","15.8","239.9","17.7","21.4","45.9","129.1"
"Patrick Kane","Red Wings","12.45"," - ","RW","-","74.3","23.2","38.2","61.4","-7.6","15.7","14.9","8.2","17.8","26","196.4","18","3","20.8","18.3"
"Jared McCann","Kraken","9.36"," - ","LW","-","78.8","25.2","35.2","60.4","2","21.3","18.5","5.6","12","17.6","206.3","17.2","105.4","37.5","49.2"
"Connor Bedard","Blackhawks","8.28"," - ","C","-","73.5","22.1","41","63.1","-19.2","51.6","14.1","7.9","17.2","25.1","195.1","20.4","227.8","32.2","48.8"
"Moritz Seider","Red Wings","7.98"," - ","D","-","82","8.2","38","46.1","-3.5","45.6","4.7","3.3","17.8","21.1","156.6","25","0","197.4","219.8"
"Drake Batherson","Senators","7.88"," - ","RW","-","75.5","25.7","37","62.7","-6.3","31.5","14.5","11.2","15.1","26.3","178.6","18.2","18.8","28.4","115.6"
"Matt Duchene","Stars","7.58"," - ","C","-","77.8","26","43.3","69.4","5.8","17.5","19.4","6.6","13.6","20.2","155.1","17","347.2","29.5","27.9"
"Shayne Gostisbehere","Hurricanes","5.55"," - ","D","-","77","9","38.8","47.8","1.1","36.9","5.1","3.5","21.9","25.4","132.9","18.5","0","71.4","37.6"
"Bryan Rust","Penguins","5.36"," - ","RW","-","71","29","31.7","60.7","-4.1","21.7","24.7","3.9","10.4","14.3","202.8","19.7","6.2","53.2","65.8"
"Nikolaj Ehlers","Hurricanes","3.69"," - ","LW","-","71","23.6","38","61.7","8.1","21.1","19.8","3.8","12.6","16.4","197.5","16.3","4.2","32.2","37.4"
"Elias Pettersson","Canucks","0.28"," - ","C","-","76.5","23.1","45.9","69","2.2","13.9","14.4","8","14.3","22.3","152.1","19.2","457.6","78.7","93.7"
"Rickard Rakell","Penguins","0"," - ","RW","-","75.8","28.1","31.1","59.2","-5.5","17.4","20.1","8","7.6","15.6","203.4","19.3","12.6","60.3","122.4"
"Devon Toews","Avalanche","0"," - ","D","-","79.3","10.3","37.6","48","31.6","23.9","9.6","0.7","3.8","4.5","152.9","24.6","0","111.2","61.6"
"Mathew Barzal","Islanders","-1.9"," - ","RW","-","70.3","18","44.6","62.6","3.2","23.5","14.1","3.9","14.8","18.7","196.9","20.2","63.5","48.4","47.2"
"Ryan Donato","Blackhawks","-2.64"," - ","RW","-","75.8","28.5","30.8","59.4","-5.9","48.4","24.9","3.7","7.2","10.9","209.8","19.8","208.3","23.7","127.6"
"JJ Peterka","Utah","-4.05"," - ","LW","-","78.7","26.8","33.9","60.7","0","33.4","22.1","4.7","8.5","13.2","197.4","18.3","3.1","16.7","29.3"
"Vince Dunn","Kraken","-5.88"," - ","D","-","68.8","11.9","35.3","47.2","6.3","53","9.6","2.4","11.9","14.3","138.2","22","0","74.9","49.2"
"Matthew Knies","Maple Leafs","-6.56"," - ","LW","-","79","30.9","30.6","61.6","4.7","53","27","3.9","8.1","12","182","19.9","0","44.1","213"
"Logan Cooley","Utah","-6.67"," - ","C","-","78.5","26.2","36.3","62.6","-2.6","37.5","19.6","6.1","12.8","18.9","176.6","18.3","334.7","32.5","62.7"
"Sean Monahan","Blue Jackets","-7.62"," - ","C","-","74","24.3","40.6","64.9","5.3","21.5","15.1","8.4","10.1","18.5","165.6","18.7","725","41.4","33.6"
"Adam Fantilli","Blue Jackets","-9.95"," - ","C","-","76.1","30.6","25.2","55.8","-3.7","20.2","24.5","6.1","5","11.1","210.9","18","374.3","51","108.9"
"Matthew Tkachuk","Panthers","-10.12"," - ","LW","-","53.5","21.2","39.6","60.8","3.9","61.6","13","8","14.6","22.6","179.6","18.5","3","15.3","81.7"
"Noah Hanifin","Knights","-10.15"," - ","D","-","80.5","10.7","31.9","42.6","10.8","21.2","7.9","2.9","8.1","11","161.4","23","0","115.7","56.5"
"Brock Nelson","Avalanche","-11.22"," - ","C","-","79","27.9","30.6","58.5","2.2","20.5","21.2","5","6.6","11.6","199.1","17.5","475.6","40.6","35.1"
"Dylan Holloway","Blues","-12.11"," - ","LW","-","77","25.8","34.6","60.4","8.1","30.5","20.2","5.5","5.9","11.4","191.5","18.1","68.7","51.6","201"
"Steven Stamkos","Predators","-14.33"," - ","C","-","80.8","28.1","28","56.1","-12.6","42.5","14.6","13.5","11.1","24.6","185.2","18","396.5","37.8","73.4"
"Sam Rinzel","Blackhawks","-15.89"," - ","D","-","79.7","6.8","30.6","37.5","-4.4","32","4.8","2","9.2","11.2","194.8","23.4","0","44.3","106.3"
"Ryan Nugent-Hopkins","Oilers","-16.94"," - ","LW","-","75.8","21","39.6","60.6","3.5","28","12.9","7","19.1","26.1","165.8","19","249.4","36.6","38.9"
"Zach Hyman","Oilers","-20.02"," - ","LW","-","65","30.9","20.3","51.2","7.6","31.9","22.2","8.8","5.5","14.3","206.1","18.9","3.6","22.1","58.8"
"Luke Hughes","Devils","-20.81"," - ","D","-","77","8.2","38.7","46.9","-15.7","21.3","6.6","1.6","18.5","20.1","130.5","21.5","0","59.7","21.8"
"Gabriel Vilardi","Jets","-21.63"," - ","RW","-","71.9","28.4","31","59.5","6.2","18.5","17.2","11.3","11.1","22.4","156.2","18.8","69.7","43.1","28.1"
"Thomas Chabot","Senators","-22.33"," - ","D","-","72.3","9.7","31.2","40.9","5.8","29.4","7.9","1.8","8.4","10.2","162.2","23","0","126.4","59.4"
"Evgeni Malkin","Penguins","-23.25"," - ","C","-","77.3","21.6","40.1","61.7","-6.3","58.5","15.7","5.9","14.4","20.3","170.9","17.8","347.5","42.5","35"
"Juraj Slafkovsky","Canadiens","-23.41"," - ","LW","-","80.5","25.5","32.5","58","-3.8","55","18.2","7.3","6.3","13.6","192","18.4","7.9","69.1","184.7"
"Brock Boeser","Canucks","-25.18"," - ","RW","-","75.3","28.3","29.5","57.9","-4.3","16.7","17.7","10.6","10.1","20.7","169.2","18.4","16","30.9","64.3"
"Valeri Nichushkin","Avalanche","-25.25"," - ","RW","-","65","29.3","25.9","55.1","6.4","14.8","16.8","12.2","5.4","17.6","179.4","19.7","2.8","31.1","79.2"
"Seth Jones","Panthers","-28.94"," - ","D","-","71","9.8","26.9","36.7","8","28.9","5.7","4.1","11.4","15.5","160.3","24.5","0","124.5","97.7"
"Brady Skjei","Predators","-30.04"," - ","D","-","81.3","12.2","25.6","37.9","-5.9","40.5","9.7","2","8","10","168.8","21.4","0","83.4","59.6"
"Morgan Rielly","Maple Leafs","-32.8"," - ","D","-","75.3","6.2","38.3","44.4","-3.2","21.9","5.2","1","14.8","15.8","134.9","21.3","0","118.9","52.1"
"Gustav Forsling","Panthers","-33.84"," - ","D","-","78","10.6","23.4","34","36.4","27.9","9.7","0.5","1.5","2","179.3","22.5","0","90.2","86.1"
"Quinton Byfield","Kings","-35.67"," - ","C","-","80.5","23.5","36.5","60","9.9","50.6","18.3","4.6","5.5","10.1","174.1","19.7","278.1","28","85.5"
"Andrei Svechnikov","Hurricanes","-35.95"," - ","RW","-","71.3","21.9","32.8","54.8","0.7","65.9","13.8","8.1","10.6","18.7","186.9","17.4","2.7","22.7","156.7"
"Charlie McAvoy","Bruins","-38.99"," - ","D","-","73","10.3","32.5","42.8","3.9","68","7.7","2","9.4","11.4","132.3","23.7","0","133","131.7"
"Mattias Ekholm","Oilers","-39.32"," - ","D","-","74.5","9.9","27.8","37.8","25.4","36.1","7.4","2.2","3.1","5.3","157.1","21.5","0","94.8","82.8"
"Darnell Nurse","Oilers","-39.38"," - ","D","-","77.5","7.9","26.7","34.5","11.2","72.9","6.4","0.3","2.5","2.8","188.7","22.8","0","149.4","161.1"
"Brent Burns","Avalanche","-39.55"," - ","D","-","82","8.3","26.3","34.6","11.5","24.4","6.3","1.8","8.9","10.7","169.9","19","0.2","79.2","22.8"
"Jonathan Huberdeau","Flames","-40.55"," - ","LW","-","80.3","21.7","39.2","60.9","-8.2","41.1","12.7","7.4","14.1","21.5","153.4","19.6","12.9","51","59.2"
"Tony DeAngelo","Islanders","-41.18"," - ","D","-","67.3","9.4","29.7","39","-23.9","49","6.8","2.6","11.3","13.9","158.2","23.4","0","73.6","36.3"
"Kris Letang","Penguins","-42.82"," - ","D","-","74.5","9.6","28","37.5","-5.5","49.7","5.9","3","8.1","11.1","158.6","23.5","0","106.8","128.5"
"Rasmus Andersson","Flames","-43.66"," - ","D","-","80","10.4","26.6","37","-10.9","50","8.2","1.7","9.2","10.9","162","24","0","181.3","40.7"
"Conor Garland","Canucks","-45.21"," - ","RW","-","80.3","20.9","32.4","53.3","-0.7","47.2","16.3","4.6","8.4","13","198.5","18.7","4.1","47.1","55"
"Drew Doughty","Kings","-47.37"," - ","D","-","71.5","10.2","30.9","41.1","13.9","36.7","6","3.6","13.7","17.3","112.1","24.1","0","85.1","83.3"
"Tyler Seguin","Stars","-48.41"," - ","RW","-","73.5","25.8","31.5","57.3","8.9","23.2","19.6","5.9","3.7","9.6","168.5","16.2","382.2","21.9","58.9"
"Marco Kasper","Red Wings","-48.61"," - ","C","-","79","25.7","25.7","51.4","0.6","40.1","20.3","5.4","5.7","11.1","196","18","335.9","57.4","186.5"
"Chris Kreider","Ducks","-48.82"," - ","LW","-","77.5","29.4","18.4","47.8","3.6","24.5","16.1","10","5.5","15.5","192.1","16.8","30.9","21.8","92.4"
"Tom Wilson","Capitals","-49.94"," - ","RW","-","77.7","27.7","26","53.7","0.9","120.1","17.1","8.8","5.4","14.2","172.8","18.7","11.8","71.8","233.2"
"Pavel Buchnevich","Blues","-50.88"," - ","RW","-","73","22.6","36.3","59","4.1","32.4","17.2","4.9","10.2","15.1","156.2","19.3","76.4","27.9","44.2"
"Pierre-Luc Dubois","Capitals","-51.85"," - ","C","-","79.5","20.4","39.3","59.7","5.9","75.8","14.1","6.4","7.6","14","157.9","17.5","527.2","51.8","77.6"
"Brad Marchand","Panthers","-53.06"," - ","LW","-","74","22.1","31","53.1","0.9","63.2","15.5","5.7","12.3","18","176","17","12.7","28.6","82.6"
"Mike Matheson","Canadiens","-53.58"," - ","D","-","78.7","7.3","30.8","38.1","-8.7","45.9","4.8","1.9","12.4","14.3","144.2","22","0","142.7","53.8"
"Nick Schmaltz","Utah","-53.96"," - ","RW","-","73.5","19.8","38.1","57.8","-5.6","13","11.2","8.3","11.9","20.2","157.5","18.8","143.1","37.7","13.4"
"Will Smith","Sharks","-55.09"," - ","RW","-","76.7","23","34.4","57.4","-4.8","18.6","16.6","6.4","8.9","15.3","161.8","19.5","82.8","20.4","16.6"
"Owen Tippett","Flyers","-55.11"," - ","RW","-","77.3","23.2","24.1","47.3","-5.2","14.3","20.2","3","5.3","8.3","222","16","12.7","56.9","124"
"Neal Pionk","Jets","-55.94"," - ","D","-","77.5","8.8","28.8","37.6","11.7","52.3","6.2","2.6","6.9","9.5","139.8","22","0","114.2","164.7"
"Jeff Skinner","Sharks","-56.94"," - ","LW","-","76.3","24.5","24.5","49.1","-1.4","32.5","20.1","4.5","5.2","9.7","204.3","16","59.4","19.9","38"
"Zayne Parekh","Flames","-58.83"," - ","D","-","71.1","11.1","23","34.1","0","56.4","7.8","3.3","11.3","14.6","142.2","20.5","0","71.1","71.1"
"Troy Terry","Ducks","-61.58"," - ","RW","-","74.5","20.6","34","54.6","-2.3","21.2","16.5","4.1","7.5","11.6","179.2","18.6","8.1","27.1","10.9"
"Anders Lee","Islanders","-63.19"," - ","LW","-","80.3","25.2","21.3","46.5","0.8","46.9","20.2","5","3.3","8.3","208.8","16.4","16.5","44.7","135"
"Frank Vatrano","Ducks","-63.49"," - ","LW","-","81.3","23.8","20.7","44.5","-7.3","71.7","16.6","5.9","3.6","9.5","222.3","16","11","64.9","135.6"
"Tomas Hertl","Knights","-64.96"," - ","C","-","72","25","28.1","53.1","-4.5","24.2","14.8","9.8","8.8","18.6","158","17.1","582.6","45.1","83.4"
"Cutter Gauthier","Ducks","-65.32"," - ","LW","-","79.9","21.3","26.6","47.9","2.4","19.5","17.1","4.3","5.3","9.6","205.1","15.6","22.3","54.2","72.3"
"Filip Hronek","Canucks","-66.8"," - ","D","-","71","6","34.9","40.9","12.4","40.3","4.6","1.4","9","10.4","116.9","23.5","0.5","78.4","101.1"
"Marco Rossi","Wild","-67.06"," - ","C","-","82","23.6","32.8","56.4","0.1","35.8","18.5","5.1","7.9","13","154","18.3","425.7","40.8","53.3"
"Morgan Geekie","Bruins","-67.09"," - ","LW","-","73.8","28","26.7","54.6","3.5","28.8","23.9","4.1","6","10.1","156.3","18.6","277.2","42","127.4"
"Dylan Cozens","Senators","-67.41"," - ","C","-","80.3","19.2","31.2","50.4","-5.1","54.4","13.9","4","8.3","12.3","194.5","17","558.4","35.7","181.7"
"Brock Faber","Wild","-69.52"," - ","D","-","80","9.3","27","36.3","-1.2","24.4","6.9","2.4","10","12.4","130.1","25.5","0","131.8","47.1"
"Jackson Blake","Hurricanes","-70.34"," - ","RW","-","81","22.1","26.9","49","5","30.4","15.6","6.5","6.3","12.8","184.3","17.8","19.2","38.4","24.3"
"Sam Bennett","Panthers","-70.7"," - ","C","-","70","21.6","23.9","45.5","-0.6","86.1","15.8","5.8","5.1","10.9","207.9","17.4","423","41.3","152.7"
"Mason McTavish","Ducks","-72.54"," - ","C","-","73.3","22.1","29.7","51.8","-5.9","59","15.7","6.1","6.1","12.2","176.8","17.9","481.4","35.5","72.3"
"Jackson Lacombe","Ducks","-72.93"," - ","D","-","73","10.3","30.8","41.1","-5.6","29.9","9","1.3","6.6","7.9","115.2","24.1","0","146.2","69.4"
"Aaron Ekblad","Panthers","-74.32"," - ","D","-","66.3","6","27.1","33.1","13.2","61.8","3.8","2","9.6","11.6","140.1","22.3","0","72.4","97.3"
"Claude Giroux","Senators","-75.1"," - ","RW","-","80","18.9","36.1","55","-3.6","21.6","14.4","3.9","14","17.9","152.9","17.8","591.1","32.2","53.7"
"Mark Stone","Knights","-75.29"," - ","RW","-","60.5","18.2","40.9","59.1","6.9","16.4","12.8","4.5","14.7","19.2","127.3","19.3","2.6","38.6","33.8"
"Justin Faulk","Blues","-80.1"," - ","D","-","74","4.7","30.4","35.1","-5.9","34.1","3.5","1.2","9","10.2","141.4","22.5","0","109.7","86.9"
"Michael Bunting","Predators","-80.65"," - ","LW","-","79.5","21","27.3","48.3","-6.3","75.3","11.4","9.6","8.5","18.1","172.9","16.5","5.2","20.5","69.6"
"Matt Coronato","Flames","-82.65"," - ","RW","-","76","22.1","23","45.2","-1.9","23.6","17.3","4.8","10.2","15","186.9","18.4","60.6","35.5","34.7"
"Alexander Nikishin","Hurricanes","-82.77"," - ","D","-","78.7","8.9","28.8","37.7","1.7","41.3","6.6","2.2","7.2","9.4","115.1","17.6","0","97.2","105.6"
"Colton Parayko","Blues","-83.81"," - ","D","-","76.3","12.6","20.4","33","4.1","17.7","11.2","0.5","0.7","1.2","143.5","23.8","0","177.4","109.3"
"Cam Fowler","Blues","-84.4"," - ","D","-","76.8","7.6","32.1","39.8","6.8","16.6","5.4","2.3","9.6","11.9","98.9","21.7","0","94.9","19.7"
"Ryan O&#x27;Reilly","Predators","-85.83"," - ","C","-","73","21.2","31.5","52.6","-6.5","20.1","12.1","8.9","9","17.9","147.7","19.2","709.7","56.3","20.7"
"Kent Johnson","Blue Jackets","-86.44"," - ","RW","-","73.5","22.7","32.5","55.3","-2.1","18.6","18.1","3.9","9.2","13.1","140.8","18","13.5","32.9","10"
"Sean Durzi","Utah","-87.51"," - ","D","-","75","8.9","26.1","35","-0.7","53.1","6.7","2.3","10.1","12.4","116.5","20.5","0","113.8","46.5"
"Alexis Lafrenière","Rangers","-90.58"," - ","LW","-","81","23.2","27.7","51","-2.1","38.2","20.8","2.5","2.5","5","172.2","17.1","17.2","25.2","110"
"Anze Kopitar","Kings","-90.7"," - ","C","-","81","16.7","42.4","59.1","6.6","9.1","12.2","4.3","14.8","19.1","113.9","18.2","818.1","53.1","37"
"Jason Zucker","Sabres","-91"," - ","LW","-","73.3","21","27","48","-0.8","65.8","13.1","7.9","8.3","16.2","163.9","16","27.4","22.9","106.6"
"Travis Sanheim","Flyers","-92.75"," - ","D","-","81","8.7","25.6","34.4","-10.7","44","8.2","0","2.9","2.9","140.9","24.5","0","159.9","85.9"
"Zeev Buium","Wild","-93.11"," - ","D","-","77.3","6.7","28.5","35.2","3.4","43.5","5.6","1.1","8.6","9.7","118","17","0","24.2","72.6"
"Jake DeBrusk","Canucks","-93.34"," - ","LW","-","75.8","24.2","20.3","44.5","-0.7","17.1","15.1","8.5","6.3","14.8","172.8","16.8","8.2","41.7","94.7"
"Warren Foegele","Kings","-95.87"," - ","LW","-","78.3","22.2","21.9","44","10.8","34.3","20.8","0.9","0.5","1.4","199.6","16.2","15.9","35.3","88.6"
"Connor McMichael","Capitals","-98.48"," - ","LW","-","78.2","22.3","28","50.3","1.5","42","18.7","3.1","5.9","9","157.2","16.8","178.2","36.5","40.6"
"Blake Coleman","Flames","-99.05"," - ","LW","-","80.8","20.8","23.8","44.5","3.4","53.1","15.6","3","0.5","3.5","196.4","17.4","33.2","58.8","151.4"
"Ivan Demidov","Canadiens","-99.06"," - ","RW","-","72","20.9","30.4","51.3","-3.1","24.3","16.7","4.2","10.1","14.3","146","16.9","0","24.3","73"
"Owen Power","Sabres","-100.02"," - ","D","-","78","5.9","29.4","35.3","-1","20.4","5.4","0.5","5.6","6.1","122.1","21.3","0","99.3","30.9"
"William Karlsson","Knights","-100.32"," - ","C","-","73","18.7","30","48.7","8.9","12.2","13.9","2.9","7.7","10.6","162.6","17","555.6","46.1","36.9"
"Oliver Ekman-Larsson","Maple Leafs","-101.37"," - ","D","-","78.7","5.9","26.2","32.1","6.6","60.7","4.4","1.5","5.5","7","128.6","21","0","79.5","109.6"
"Leo Carlsson","Ducks","-102.16"," - ","C","-","73.4","20.7","33.1","53.8","-0.6","17.1","15","4.9","5.8","10.7","138.5","17.9","298.5","36.4","29.7"
"Jamie Benn","Stars","-102.73"," - ","LW","-","81.5","17.9","32.8","50.7","3.8","50.9","12.9","4.4","10.9","15.3","145.2","14.3","357.7","41.5","102.5"
"Anthony Cirelli","Lightning","-103.96"," - ","C","-","78.3","22.9","28.5","51.5","9.4","33.6","17","2.8","2.6","5.4","148.5","18.6","574.1","64","41.3"
"Darren Raddysh","Lightning","-105.17"," - ","D","-","77.5","6.1","29.3","35.4","3.4","17.3","4.5","1.6","6.5","8.1","108.6","18.3","0","81","56.8"
"Dmitri Voronkov","Blue Jackets","-106.31"," - ","LW","-","74","22.9","22.6","45.5","4.1","58.7","15","7.8","2.8","10.6","163.5","16.8","147.9","51.8","82.9"
"Artturi Lehkonen","Avalanche","-106.75"," - ","LW","-","69","24.7","22.2","46.8","12.6","29.2","19.3","4.6","6.3","10.9","147.4","19.2","7.8","35.9","53.8"
"Jaccob Slavin","Hurricanes","-108.15"," - ","D","-","79","6.4","25","31.4","18.7","8.3","5.8","0","0","0","131.9","22.5","0","127.6","35.9"
"Stefan Noesen","Devils","-108.49"," - ","RW","-","79","20.4","24","44.3","1.2","43.8","11.5","8.8","6.9","15.7","161.8","15.9","51.1","27.3","148.6"
"Logan Stankoven","Hurricanes","-108.74"," - ","RW","-","74.5","15.6","28","43.6","2.5","17.3","13.3","2.3","6.3","8.6","190.8","15.9","78.7","33.8","51.5"
"Jake Walman","Oilers","-108.78"," - ","D","-","63.7","8.4","19.8","28.3","10.6","40.7","8.1","0.3","5","5.3","133.7","20.2","0","132.8","47.1"
"William Eklund","Sharks","-109.32"," - ","LW","-","76.1","16.5","35.3","51.8","-6.8","28.9","9.3","6.6","9.1","15.7","141.1","19.5","34.1","54.5","48"
"Hampus Lindholm","Bruins","-109.86"," - ","D","-","70","6.4","25.7","32.1","6.2","48.4","5.6","0.8","7","7.8","116.5","22.6","0","84.1","48.4"
"Andrei Kuzmenko","Kings","-110.49"," - ","LW","-","73","19.8","31.3","51.1","9.9","14.2","12.6","7.2","10.3","17.5","122.3","17.4","1","22.2","18.9"
"Teuvo Teravainen","Blackhawks","-110.73"," - ","LW","-","75.8","17.5","34.6","52.1","-2.3","12","9.6","7.2","12","19.2","125.7","17.1","56.5","25.3","21.1"
"Brandt Clarke","Kings","-111.78"," - ","D","-","76.7","5","25","30","7","43.6","3.4","1.6","7.4","9","123.7","15.2","0","108.3","21.5"
"Luke Evangelista","Predators","-112.1"," - ","RW","-","73.7","16.9","27.1","44.1","0.2","24.4","14.7","2.2","6.3","8.5","183.9","16.8","0.4","20.2","34.6"
"Elias Lindholm","Bruins","-112.85"," - ","C","-","79.8","16.6","30.7","47.3","-2.6","16.9","11.1","4.5","9.5","14","158.4","17.9","746","65","98.3"
"Oliver Bjorkstrand","Lightning","-114.63"," - ","RW","-","80.5","18.5","26.7","45.2","6.7","14.2","13.1","5.4","8.9","14.3","155.7","14.1","6.9","24.9","63.1"
"Trevor Moore","Kings","-114.9"," - ","RW","-","73.3","20.5","22.5","43","5.8","18.3","17.7","1.5","3.5","5","181.9","16.9","7.4","33.2","74.9"
"Bowen Byram","Sabres","-115.38"," - ","D","-","77.5","9.9","26.6","36.4","3.8","52.3","9.3","0.4","2.3","2.7","95.7","22.7","0","111.9","91.5"
"Jared Spurgeon","Wild","-115.72"," - ","D","-","70","7.1","23.7","30.8","7.4","13.2","6.2","0.9","7.1","8","113.1","20.5","0","125.6","55.7"
"Michael Kesselring","Sabres","-117.37"," - ","D","-","76.5","6.5","24.8","31.3","3.6","83.5","5.9","0.6","1.5","2.1","125.6","17.5","0","66.9","98.9"
"Sean Couturier","Flyers","-117.5"," - ","C","-","75.5","17.9","29.5","47.4","-1.7","35.5","15.5","2.4","3.5","5.9","167.4","17.6","668","42.7","55.1"
"Matthew Schaefer","Islanders","-117.85"," - ","D","-","67.5","6.7","19.5","26.2","1.2","22","5.7","1","3.9","4.9","142.4","17","0","69.8","29.2"
"Mikael Backlund","Flames","-118.32"," - ","C","-","80.5","16","23.2","39.1","2.6","30.6","12.9","2.1","4.1","6.2","204.1","18.7","738.1","41.7","60.7"
"Mikael Granlund","Ducks","-119.33"," - ","C","-","77.8","14.5","37.5","52","-4.4","24.3","11.5","2.6","14","16.6","130.2","17.1","320.9","49.7","54.4"
"Kyle Palmieri","Islanders","-120"," - ","RW","-","72","22.6","21","43.5","-5.2","20.9","16.8","5.8","5.1","10.9","161.9","17.7","11.3","37","63.7"
"Gabriel Landeskog","Avalanche","-120.11"," - ","LW","-","72","17.6","30.2","47.8","7.2","52","12.4","4.8","7.6","12.4","144","17.2","57.6","52","142.8"
"Jordan Eberle","Kraken","-120.83"," - ","RW","-","73.5","17","31.2","48.2","0.9","23.3","13.3","3.7","7.6","11.3","148.7","17.5","24.5","29.6","30.1"
"Isaac Howard","Oilers","-122.53"," - ","LW","-","79","18.2","29.8","48","3.8","21.4","14.6","3.6","6","9.6","147.2","15","0","15.8","31.6"
"Matty Beniers","Kraken","-123.69"," - ","C","-","79.7","20.6","25.5","46.1","-0.5","14.3","15.1","5.5","5.5","11","148.3","19","548.7","62.1","54"
"Pavel Zacha","Bruins","-124.28"," - ","C","-","78","17.1","34.3","51.4","2.2","18.7","12.7","3.4","6.1","9.5","133.7","18.4","398","26.5","75.6"
"Mason Marchment","Kraken","-124.81"," - ","LW","-","70.3","20.6","26.4","47","2.5","59.3","15.7","4.9","4.7","9.6","144.5","15.4","9.3","28.6","91.2"
"K&#x27;Andre Miller","Hurricanes","-128.83"," - ","D","-","78.8","7.9","23.7","31.6","3.9","34.2","7.9","0","1.9","1.9","108.7","21.8","0","112.1","133.1"
"Dmitry Orlov","Sharks","-129.02"," - ","D","-","75","6.3","22.9","29.1","-4.5","27.8","5.7","0.2","3.4","3.6","123.6","20","0","64.4","113.6"
"Cole Perfetti","Jets","-130.17"," - ","RW","-","73.7","17.7","27.8","45.5","6.9","17.9","13.1","4.6","8.2","12.8","142.1","15.5","24.8","36.1","53.6"
"Tyson Foerster","Flyers","-131.18"," - ","LW","-","77.3","24.3","17.3","41.6","-2.6","45.2","18.5","5.3","3.1","8.4","158.7","18.3","0.4","55.5","90.2"
"Ivan Provorov","Blue Jackets","-131.56"," - ","D","-","81.3","6.2","25.7","31.9","-1.1","26.5","5.2","0.5","3.6","4.1","106","23.4","0","138.6","53.1"
"Sean Walker","Hurricanes","-131.81"," - ","D","-","77.7","7","15.1","22.1","-0.6","51.3","6.3","0","0.6","0.6","155","20","0","99.8","109.5"
"Alex Laferriere","Kings","-132.05"," - ","RW","-","79","18","20.1","38.1","4","34.1","16.6","1.3","2.7","4","193.4","16.8","26.8","40.6","133"
"Boone Jenner","Blue Jackets","-134.38"," - ","LW","-","65.7","21.1","18.8","39.9","-4.7","27.9","14.6","5.3","3","8.3","171.2","18","529.2","61.4","114.6"
"Will Cuylle","Rangers","-134.41"," - ","LW","-","79.6","20.7","21.8","42.5","3.5","57.7","17.4","1.9","1.2","3.1","167.5","16.7","8.1","48.6","337.6"
"Brayden Schenn","Blues","-134.65"," - ","C","-","77","17.8","29.9","47.7","-4.8","53.3","14.4","3.1","6.2","9.3","141.4","17.6","500.5","45.9","163.2"
"Shane Wright","Kraken","-135"," - ","C","-","77.7","22.5","25","47.5","2.1","17.7","15.9","6.5","6.5","13","119.4","15.3","388.9","68.5","51.8"
"Ryan Leonard","Capitals","-136.32"," - ","RW","-","77.1","21.5","17.2","38.7","2.9","94.3","17.2","4.3","3.4","7.7","170.6","15.9","5.9","47.1","170.6"
"Barrett Hayton","Utah","-136.78"," - ","C","-","76","17.6","24","41.6","-4.9","47.1","12.1","5.6","6.6","12.2","160.2","17.7","558.7","38.8","44"
"Filip Chytil","Canucks","-137.84"," - ","C","-","68","17.8","21.4","39.3","-0.7","26.7","16.1","1.8","4.6","6.4","179.8","16.7","318.1","24.3","29.4"
"Maxim Shabanov","Islanders","-138"," - ","RW","-","78.8","16.6","31.7","48.3","-1","13","13.3","3.3","6.3","9.6","134.9","15","0","32.9","17.4"
"Aliaksei Protas","Capitals","-139.61"," - ","RW","-","73.7","19.6","30.4","50.1","4.2","15.3","18","0","0.6","0.6","136","16.5","22.5","38.2","31.1"
"John Klingberg","Sharks","-139.84"," - ","D","-","71.8","7.2","22.7","29.9","-21.1","39.7","6.1","1.1","6.5","7.6","106.8","19","0","76.5","51.8"
"Olen Zellweger","Ducks","-140.62"," - ","D","-","69.2","7.2","15.4","22.7","-2.7","19.7","6.4","0.9","4.7","5.6","132.6","19","0","84.9","40.3"
"Mason Lohrei","Bruins","-141.39"," - ","D","-","74","5.7","25.1","30.8","-16.3","20.9","4.5","1.2","12","13.2","89.3","19.7","0","107.5","34.6"
"Esa Lindell","Stars","-142.55"," - ","D","-","80","5.7","20.8","26.5","28.6","13.1","5.2","0.5","0","0.5","110.4","22.2","0","165.7","67.1"
"Ivan Barbashev","Knights","-142.83"," - ","LW","-","78.8","21.1","28.4","49.4","9.3","26.8","18.7","2.4","1.7","4.1","120.7","16.5","28.6","39.1","146.6"
"Logan Mailloux","Blues","-143.5"," - ","D","-","70","7","22.3","29.3","-9.7","97","7","0","0","0","116.4","18.7","0","87.3","97"
"Josh Norris","Sabres","-143.68"," - ","C","-","66","24","17.8","41.8","-3.8","44.4","14.7","7.1","7.4","14.5","131.7","18.6","479.7","50.8","145.8"
"Shane Pinto","Senators","-144.43"," - ","C","-","77.2","20.9","20.3","41.2","2.5","25.5","15.8","3.3","2.3","5.6","156.7","17.4","472.2","56","76.1"
"Casey Mittelstadt","Bruins","-144.7"," - ","C","-","81","16.2","33.4","49.7","-6.5","26.6","12.8","3.2","9.2","12.4","119.4","17.3","459.1","29.2","28.9"
"Anton Lundell","Panthers","-145.34"," - ","C","-","76.7","16.2","25.3","41.4","7.5","41.2","13.3","1.4","4.3","5.7","161.8","16.7","482.2","46.2","81.2"
"Patrik Laine","Canadiens","-145.97"," - ","LW","-","57.9","20.4","19.5","39.9","-6.4","14.5","8.5","11.9","5.5","17.4","140.6","14.7","17.6","26.6","25.8"
"Danila Yurov","Wild","-146.07"," - ","RW","-","73","18.3","21.5","39.8","-1.2","15.9","14.6","3.7","4.3","8","163.6","14.8","0","35","44.1"
"Bobby McMann","Maple Leafs","-146.13"," - ","LW","-","72.9","21.1","14.4","35.5","7","43.6","18.5","2.6","2.1","4.7","179.2","14.9","5.9","24.7","155"
"Vladislav Gavrikov","Rangers","-147.82"," - ","D","-","77.8","5.7","20.9","26.5","17.1","30.6","5.5","0","0","0","111.6","23","0","125.4","57"
"Viktor Arvidsson","Bruins","-147.87"," - ","LW","-","70","17.7","18.6","36.3","-0.6","26.1","14.2","3.3","6.3","9.6","174.6","15","18","23","29"
"Vladimir Tarasenko","Wild","-147.87"," - ","RW","-","75","16.2","27.2","43.4","-2.4","8.3","14","2","7.5","9.5","147.6","15.9","1.3","36.4","72.7"
"Tyler Bertuzzi","Blackhawks","-148.73"," - ","LW","-","76.7","19.8","22.7","42.6","-10.2","48.1","12.5","7.4","6.5","13.9","137.2","16","13.1","32.2","71.7"
"Adam Larsson","Kraken","-149.24"," - ","D","-","82","6","18.7","24.7","17.1","39.9","5.8","0","0","0","117.8","21.2","0","144.1","137.9"
"Simon Edvinsson","Red Wings","-149.28"," - ","D","-","78.8","7.9","23.4","31.3","4.5","70.1","7.9","0","0","0","91.2","22.8","0","154.5","101.1"
"Jaden Schwartz","Kraken","-149.63"," - ","LW","-","71.3","20","19.4","39.4","-5.2","22.5","13.9","6","3.2","9.2","157.2","17","56.8","32.2","44"
"Morgan Frost","Flames","-150.9"," - ","C","-","77.7","15.2","26.4","41.7","-4.9","23.3","13","2.2","10.2","12.4","149.4","16.6","494.1","58.2","71"
"Chandler Stephenson","Kraken","-151.26"," - ","C","-","78.3","14.1","39.4","53.6","-2.6","24.9","9.6","2.8","13.1","15.9","89.5","19.1","684.5","47.5","44"
"Fabian Zetterlund","Senators","-153.14"," - ","LW","-","76.3","17.5","19.6","37","-4","19.2","12.8","4.4","4.4","8.8","169.3","16.8","24.6","61","119.5"
"Jalen Chatfield","Hurricanes","-155.51"," - ","D","-","76.3","8.3","13.3","21.5","18","47.6","8.1","0","0","0","119","19.7","0","73.8","75"
"Philip Broberg","Blues","-155.69"," - ","D","-","69.3","7","20.8","27.8","8.9","14","7","0","2.2","2.2","94.3","20.5","0","100.9","46.7"
"Phillip Danault","Kings","-155.97"," - ","C","-","79.8","12.5","33.1","45.7","6.1","29.7","10.5","2","4.9","6.9","138.1","17.7","625.9","57.3","80.6"
"Nick Paul","Lightning","-156.17"," - ","C","-","79.5","21.6","19.1","40.7","1.7","29.4","16.8","4.6","3.1","7.7","140.1","16.4","452.3","30.2","85.6"
"Matthew Savoie","Oilers","-156.4"," - ","RW","-","77.7","14","27.3","41.3","5.3","63.6","11.9","2.1","4.1","6.2","155.4","13.5","77.7","19.4","58.2"
"Zack Bolduc","Canadiens","-156.51"," - ","RW","-","76","21.3","18.6","39.9","4.4","39.1","14.2","4.4","4.4","8.8","140","14.3","5.3","42.5","106.3"
"Dawson Mercer","Devils","-157.51"," - ","C","-","82","21.3","18.3","39.6","-1.2","20.3","15.8","4.8","2.8","7.6","146","17.9","101.2","46","37.5"
"Evander Kane","Canucks","-158"," - ","LW","-","65","17.8","17.1","34.9","0","87","15.6","1.7","3.9","5.6","177.9","16.5","25.5","22.9","221.8"
"Brett Kulak","Oilers","-158.78"," - ","D","-","80","5.4","17.4","22.8","-1.6","27.5","5.4","0","0.3","0.3","126.7","20.2","0","110.7","61.7"
"Taylor Hall","Hurricanes","-159.26"," - ","LW","-","73","17.4","22.6","40","2.4","32.8","12.9","4.5","4.2","8.7","146.5","15.5","33.6","37","41.8"
"Matt Roy","Capitals","-160.14"," - ","D","-","74.8","4.7","19.8","24.5","17.1","29.7","4.5","0","0.3","0.3","108.8","20","0","123.1","126.3"
"Sam Malinski","Avalanche","-161.02"," - ","D","-","77.2","6.5","13.7","20.2","4.7","18.5","5.9","0.6","1.6","2.2","125.6","17.2","0","112.5","61.4"
"Alexander Romanov","Islanders","-161.69"," - ","D","-","75","5","18","23.1","13.4","26.5","5","0","0","0","115.8","22.3","0","173.8","175"
"Matias Maccelli","Maple Leafs","-162.8"," - ","LW","-","72","13.9","32.6","46.5","2.3","11.5","12.9","1","9.1","10.1","118.4","16","5.8","17.1","17.9"
"Trevor Zegras","Flyers","-162.85"," - ","C","-","71","15.7","28","43.7","-5.6","48.1","13.7","2","5.3","7.3","137.4","17.1","121.9","30.2","50"
"Mackie Samoskevich","Panthers","-163.89"," - ","RW","-","72","15.8","22.3","38.1","-2.3","12","11.6","4.2","8.4","12.6","147.3","15.2","0","36.6","153.1"
"Jimmy Snuggerud","Blues","-164.44"," - ","RW","-","80.4","16.4","27.4","43.9","2.7","58.3","11","5.5","5.5","11","120.8","15.6","0","38.4","65.9"
"Jiri Kulich","Sabres","-164.51"," - ","C","-","71.3","19.1","14.2","33.3","-1.3","20.7","15.3","3.8","3.2","7","172.5","16.7","324.5","46","52.4"
"Charlie Coyle","Blue Jackets","-164.82"," - ","C","-","82","18.9","24.8","43.6","0","28.8","14.3","3.6","3.2","6.8","126.1","17","513.6","58.6","105.3"
"Jordan Spence","Senators","-165.02"," - ","D","-","75.3","3.2","23.6","26.8","16.3","14.5","2.8","0.4","5","5.4","85.6","16.4","0","68.9","76.1"
"Jake Neighbours","Blues","-165.43"," - ","LW","-","78.2","22.4","17.5","39.9","-4.6","42.1","16.2","6.2","5.5","11.7","126.2","15.7","7.9","49.8","153.8"
"Jacob Trouba","Ducks","-165.78"," - ","D","-","77.3","3","16.9","19.8","-2.1","69","2.4","0.4","0.9","1.3","135.2","20.8","0","196.8","185.3"
"Tommy Novak","Penguins","-165.94"," - ","C","-","73.5","19.4","22.5","41.9","-2.2","7.6","15.2","4.2","6.5","10.7","124.3","14","185.4","34","7.9"
"Josh Doan","Sabres","-168.26"," - ","RW","-","76","16.4","21.8","38.2","1.4","11.9","12.3","4.1","2.7","6.8","151.5","14.8","54.6","28.7","71"
"Nino Niederreiter","Jets","-168.92"," - ","RW","-","78","17.9","17.5","35.4","4.6","25.9","14.4","3.5","4.2","7.7","156.1","14.9","19","36.9","136.8"
"Alex Killorn","Ducks","-169.02"," - ","LW","-","77.3","19.6","20.9","40.5","2.2","39.3","16.9","2.1","3.7","5.8","135.1","16.9","8.4","19.9","70.7"
"Dante Fabbro","Blue Jackets","-169.13"," - ","D","-","71","5.9","17.2","23.1","7.9","47.3","5.9","0","0.2","0.2","107.7","22.8","0","156.5","88.1"
"Dylan Samberg","Jets","-170.57"," - ","D","-","70.5","4.6","17","21.6","30","39.2","4.6","0","1","1","101.6","21.3","0","139.3","81.8"
"Nikita Zadorov","Bruins","-171.28"," - ","D","-","78","6.7","15.3","22","7.4","128.4","6.7","0","0.2","0.2","108.7","20.4","0","91","205"
"Evan Rodrigues","Panthers","-171.36"," - ","RW","-","78.3","13.7","20.5","34.2","3.7","34","9.8","3.9","4.5","8.4","167","15.2","90.9","23.9","99.7"
"Jake McCabe","Maple Leafs","-171.71"," - ","D","-","72.5","4.4","22.3","26.7","22.8","51.3","4","0.3","0.3","0.6","83","21.5","0","140.8","169.3"
"Braden Schneider","Rangers","-172.96"," - ","D","-","81","6.3","16.4","22.7","6.6","19.5","5.4","0","0","0","105.5","19.3","0","156.3","175.1"
"Ryan McDonagh","Lightning","-173.11"," - ","D","-","74.5","3.1","24.2","27.3","27.7","20.2","2.6","0","1.7","1.7","76.5","20.3","0","135.2","32.6"
"Gabriel Perreault","Rangers","-175.64"," - ","RW","-","72","13.8","28.7","42.5","-3.6","48.6","10.3","3.5","7.1","10.6","124.3","14.5","0","14.5","14.5"
"Max Domi","Maple Leafs","-175.82"," - ","LW","-","76.5","11","32.7","43.7","1.6","95","9.2","1.8","6.1","7.9","128.1","15.6","315.6","27.7","38.2"
"David Perron","Senators","-176.38"," - ","LW","-","75","16.1","21.3","37.4","-4.9","33.6","10.1","6","8","14","134.2","14","9.6","19.1","101.9"
"Jack Quinn","Sabres","-176.41"," - ","RW","-","74.5","16.2","24.3","40.6","-6.7","17.9","13.7","2.5","8.2","10.7","128.5","14.7","4.3","23.4","46.8"
"Ryan Pulock","Islanders","-176.9"," - ","D","-","71.3","5","17.2","22.1","3.7","14.3","3.7","1.3","2.5","3.8","99.4","21","0","145.1","106.2"
"Rasmus Sandin","Capitals","-177"," - ","D","-","73.7","4","23.2","27.2","2.7","24.9","3.5","0.5","5.3","5.8","75.4","19.3","0","103.6","89.7"
"Ross Colton","Avalanche","-178.19"," - ","C","-","75.3","17.7","18.2","35.9","-2.4","40.7","13.2","4.5","2.8","7.3","148.8","14","189.4","39.4","164.4"
"Yegor Sharangovich","Flames","-178.71"," - ","RW","-","76.5","19.4","18.3","37.7","-6.7","8.8","13.6","4.1","4.7","8.8","135.5","15.4","112.4","28.2","14.1"
"Nick Blankenburg","Predators","-178.8"," - ","D","-","73","5.7","14.7","20.5","-6.7","30.5","4.8","0.9","6.1","7","102.4","20","0","93.6","83.5"
"Tyler Myers","Canucks","-179.26"," - ","D","-","77","4.9","19.9","24.8","3.3","71.7","3.7","0","0.5","0.5","93","19.8","0","133.2","96.8"
"Arseny Gritsyuk","Devils","-179.61"," - ","RW","-","68.3","14.5","21.9","36.4","5","19.5","10.1","4.3","6.6","10.9","140","14.5","0","9.9","59.4"
"Erik Gustafsson","Red Wings","-181.11"," - ","D","-","66.3","3.9","20.8","24.7","-6.5","23.6","3.4","0.5","8.8","9.3","79.5","16.3","0","50.3","40.6"
"Jonas Brodin","Wild","-182.44"," - ","D","-","60","5.1","17.6","22.7","7.8","21","5.1","0","0.3","0.3","96.3","23","0","125.4","31.4"
"Frank Nazar","Blackhawks","-183.38"," - ","C","-","74","18.5","19.9","38.4","-5.3","33.5","14.2","2.8","4.3","7.1","132.2","17.1","251.5","51.2","42.6"
"Dylan DeMelo","Jets","-183.48"," - ","D","-","78.8","3.5","20.5","23.9","31.6","39","3.3","0","0.3","0.3","79.7","21.5","0","115.2","141.5"
"Connor Zary","Flames","-183.86"," - ","RW","-","71.7","17","20.9","37.9","0.5","21.9","15.8","1.3","7.6","8.9","130","16.1","92.4","34.6","34.6"
"Ryan Hartman","Wild","-184.11"," - ","C","-","71","14.7","18.8","33.5","-0.5","70.5","11.1","3.2","4.1","7.3","158.5","15","298.2","48.4","70.5"
"Cam York","Flyers","-184.64"," - ","D","-","74","6.1","17.7","23.8","-9.1","33.2","6.1","0","2.7","2.7","90.8","21.8","0","141.5","68.1"
"Samuel Girard","Avalanche","-184.68"," - ","D","-","68.8","3.5","20.4","23.9","3.5","12.8","3.3","0.2","2","2.2","90.2","20.2","0","103.1","65.4"
"Marcus Pettersson","Canucks","-184.98"," - ","D","-","75","3.2","23.2","26.4","11.8","43.7","3.2","0","0","0","79.7","21","0","133.3","95.1"
"Damon Severson","Blue Jackets","-185.67"," - ","D","-","74.5","6.4","18.2","24.6","0.8","41.9","6.1","0.2","1.3","1.5","82.6","17","0","72.3","39.3"
"Jamie Drysdale","Flyers","-185.94"," - ","D","-","73.1","7.7","15","22.7","-19.7","23.9","5.4","2.3","4.8","7.1","86.8","22","0","112.8","31.9"
"Alex Vlasic","Blackhawks","-186.26"," - ","D","-","79","3.1","20.6","23.8","-14.9","25","2.5","0.6","7.2","7.8","88","22.3","0","150.2","56.6"
"Brett Pesce","Devils","-186.81"," - ","D","-","73.5","3.5","15.3","18.8","2.8","29.8","2.8","0.2","0.6","0.8","114","21.9","0","126.6","27.7"
"Mikey Anderson","Kings","-187"," - ","D","-","76","4.7","17.3","21.9","19.6","27.7","4.5","0.2","0","0.2","88.9","22.4","0","109.2","132.4"
"Josh Manson","Avalanche","-187.96"," - ","D","-","66.3","4.3","17.3","21.5","3.6","61.4","3.9","0","0.6","0.6","98.5","17.9","0","88.7","163.5"
"Brayden McNabb","Knights","-188.88"," - ","D","-","78.8","3.8","16.9","20.7","28.9","34.1","3.4","0","0.3","0.3","89.2","20","0","175.4","143.8"
"Eeli Tolvanen","Kraken","-189.46"," - ","RW","-","74.5","19.4","16","35.3","-0.9","21.2","17.4","2","4.8","6.8","135","15","6.7","62.9","196.9"
"Ville Koivunen","Penguins","-189.74"," - ","RW","-","71","9.9","29.4","39.3","-2.2","35.5","7.4","2.5","7.4","9.9","132.3","18","8.8","70.6","8.8"
"Adam Pelech","Islanders","-192.25"," - ","D","-","64.3","1.5","19.5","21","4.4","33.7","1.5","0","0.5","0.5","102.4","21","0","104.9","76.1"
"Kaedan Korczak","Knights","-192.28"," - ","D","-","75.5","0.9","21.6","22.5","29.5","9.7","0.9","0","0.9","0.9","82.2","17","0","85.1","130.4"
"Jake Middleton","Wild","-192.93"," - ","D","-","73","6.8","14.5","21.3","3.4","57.8","6.8","0","0","0","90.2","20.8","0","154.7","117.9"
"Gustav Nyquist","Jets","-195.15"," - ","RW","-","78","14.2","26.7","40.9","-5.4","12.8","10.6","2.5","6.5","9","113.4","15.8","12.2","30.7","38.6"
"Niko Mikkola","Panthers","-195.46"," - ","D","-","79.7","4.3","13.9","18.2","11","70","4.3","0","0","0","102.5","20.1","0","105.4","164.8"
"J.J. Moser","Lightning","-197"," - ","D","-","77.5","4.2","18.5","22.7","14.4","30.9","3.1","0.6","3.1","3.7","70.9","18.8","0","101.2","68.4"
"Reilly Smith","Knights","-197.27"," - ","RW","-","77.7","13.5","24.1","37.6","3.5","18.1","9.8","2.1","4.3","6.4","128.1","14","3.8","29.6","47.4"
"Bobby Brink","Flyers","-197.75"," - ","RW","-","74.5","14","27.6","41.6","-3.7","20.6","11.1","2.9","2.5","5.4","114.9","16.4","14.1","33.3","87"
"Kaiden Guhle","Canadiens","-198.05"," - ","D","-","69.4","6.5","15.6","22.1","-3.4","53","6.5","0","0","0","85.4","20","0","149.7","119.4"
"Timothy Liljegren","Sharks","-199.01"," - ","D","-","65.7","5.2","14.6","19.9","-7.5","30.7","4","1","3.6","4.6","89.5","19.3","0","112.2","84"
"Kaapo Kakko","Kraken","-199.97"," - ","RW","-","74","15.7","22.7","38.4","1.7","30.6","13.2","2.5","2.8","5.3","120.1","16.2","32","25.8","51.2"
"Cody Ceci","Kings","-199.99"," - ","D","-","79.8","3.6","17.8","21.3","8.3","19.5","3.6","0","0","0","86.3","20","0","120.8","86.1"
"Kiefer Sherwood","Canucks","-200.49"," - ","RW","-","73.3","16.3","19.9","36.3","3.3","42.2","15.5","0.2","1.4","1.6","135.3","14.8","20.9","29","378.5"
"Jonathan Toews","Jets","-201.06"," - ","C","-","71.4","15.2","22.7","38","4.8","57.9","8.5","6.2","3.6","9.8","110.5","15.1","678.9","24","21.8"
"Nick Perbix","Predators","-201.49"," - ","D","-","73.3","4.9","17.5","22.4","9.2","18.5","4.9","0","0","0","76.8","17","0","78.4","68.7"
"Will Borgen","Rangers","-205.26"," - ","D","-","82","4.2","16","20.2","-1.7","52.4","3.7","0","0","0","90","18.3","0","115.3","169"
"Jonathan Drouin","Islanders","-206.94"," - ","LW","-","60","12.2","30.3","42.5","1.3","15.5","9","3.2","10.8","14","82.8","17.1","50.1","19.7","25.9"
"Ryker Evans","Kraken","-207.12"," - ","D","-","74.4","4.3","18.5","22.8","-5.9","33.1","3.5","0.8","4.1","4.9","67.6","19.3","0","99.9","125.4"
"Joel Farabee","Flames","-207.78"," - ","LW","-","81.7","14","18.7","32.7","-5.9","33.4","13.4","0.6","3.6","4.2","147.2","14.4","19.8","44.2","74.8"
"Rutger McGroarty","Penguins","-207.91"," - ","RW","-","76.1","12.5","21.8","34.3","-2.2","47","10","2.5","3.6","6.1","137","17","0","44.7","107.2"
"Rasmus Ristolainen","Flyers","-208.38"," - ","D","-","62","3.4","13.7","17.2","-1.4","18.3","3","0.2","2.6","2.8","95.7","20.5","0","100.5","114"
"Justin Barron","Predators","-208.59"," - ","D","-","71","8.3","10.3","18.6","-14.4","28.2","7.4","0.7","0.9","1.6","87.8","18.5","0","92.8","94.7"
"Nick Jensen","Senators","-208.64"," - ","D","-","75.5","2.8","17.9","20.7","6.1","9.7","2.8","0","0","0","82.8","20.3","0","110.8","67.7"
"Shakir Mukhamadullin","Sharks","-209.49"," - ","D","-","71.9","4.9","14.6","19.5","-8.5","82.8","4.9","0","2.4","2.4","85.3","20.5","0","151","73.1"
"James van Riemsdyk","Red Wings","-209.77"," - ","LW","-","71.3","14.5","23.1","37.6","-1.4","24.4","11.6","3","3","6","115.6","13.7","7.9","19.2","31.5"
"Ben Chiarot","Red Wings","-209.88"," - ","D","-","77","4.4","11.5","15.8","-6.7","59.7","4.4","0","0.5","0.5","105.2","20.5","0","146.9","137.7"
"John Marino","Utah","-210.14"," - ","D","-","73.3","3.4","21.7","25.2","3.3","24.4","3.4","0","0","0","61.8","21","0","73.5","34.4"
"Denton Mateychuk","Blue Jackets","-210.91"," - ","D","-","72","5.4","16.5","21.9","6.4","32.1","5.4","0","0","0","69","18.1","0","101.2","41.7"
"Ryan McLeod","Sabres","-211.17"," - ","C","-","72","16.3","25.1","41.4","5.4","14.8","14.3","0","1.4","1.4","99.6","16.8","497","32.1","37.5"
"Yegor Chinakhov","Blue Jackets","-212.48"," - ","RW","-","63","16","16.8","32.8","-4.3","9.8","13.4","2.6","3.4","6","132.2","15.4","0.9","28.6","72.2"
"Noah Cates","Flyers","-213.5"," - ","C","-","79","14.6","22.5","37.1","-0.3","10.9","13.2","1.2","2.3","3.5","118.4","17.3","439.7","57.6","90.2"
"Ridly Greig","Senators","-213.82"," - ","C","-","75","14.1","20.4","34.6","-1.4","68.4","9.7","2.7","4.5","7.2","123.1","18","224.2","47.7","149.1"
"Nick Seeler","Flyers","-214.47"," - ","D","-","75","2.6","14.6","17.2","8.3","54.8","2.6","0","0","0","91.1","17.3","0","198.6","131.8"
"Radko Gudas","Ducks","-214.56"," - ","D","-","74","2.8","14.2","17","4.6","99.3","2.8","0","0","0","93.5","19.7","0","159","262.3"
"Jordan Martinook","Hurricanes","-214.73"," - ","LW","-","81","14.4","20.2","34.7","4.5","31.8","13.9","0","0","0","133.7","15.2","39","42.4","76.8"
"Artyom Levshunov","Blackhawks","-214.93"," - ","D","-","70","2.1","19.4","21.6","-25.3","31.1","1.7","0.4","3.9","4.3","81.7","20.3","0","77.8","73.9"
"Brendan Gallagher","Canadiens","-215.18"," - ","RW","-","71.7","16.8","14.2","31","-5.7","47.5","14.1","2.8","2.3","5.1","138.2","13.9","5.5","31.9","68"
"Adam Gaudette","Sharks","-215.71"," - ","C","-","78","17","12.3","29.3","-4.8","11.6","12.7","4.3","0.9","5.2","144","15.3","191.1","35.6","101.3"
"Alexandre Carrier","Canadiens","-215.85"," - ","D","-","76.3","3.2","17.9","21.1","-2.8","40.1","2.9","0","0.3","0.3","76.4","18.8","0","142.6","68.9"
"Andre Burakovsky","Blackhawks","-216.11"," - ","LW","-","69.3","10.9","23.9","34.7","-4.5","14.7","8.2","2.6","8","10.6","120.5","15.4","2.8","23","26.9"
"Victor Olofsson","Avalanche","-216.77"," - ","LW","-","63.5","17.3","13.7","30.9","5.3","11.7","11.9","5.3","3","8.3","122.1","14.5","0.8","17.6","26.8"
"Ryan Strome","Ducks","-216.91"," - ","C","-","79.3","10.1","26.7","36.8","-6","68.8","9.3","0.7","6.9","7.6","120","15.1","358.2","25.5","46.3"
"Jack Thompson","Sharks","-216.94"," - ","D","-","66.8","4.4","11.8","16.2","-10.8","19.6","3.3","1.1","3.9","5","88.3","15.8","0","111.8","31.4"
"Martin Fehervary","Capitals","-218.48"," - ","D","-","73.3","4.4","15.6","20","4.7","25.2","4.4","0","0","0","72.2","19","0","126.3","164.4"
"Simon Holmstrom","Islanders","-218.87"," - ","RW","-","75","19.1","19.6","38.7","1.5","10.2","15.4","1.2","2.4","3.6","94.1","16.9","2.9","55.4","25.5"
"Nate Schmidt","Utah","-218.97"," - ","D","-","72.8","4.3","12.8","17.2","3.9","21.3","3.5","0.8","3.3","4.1","76.1","16.8","0","72.8","69.2"
"Simon Nemec","Devils","-220.66"," - ","D","-","72.2","3.9","15.3","19.2","-7","34.9","3.9","0","3.8","3.8","72.5","16.1","0","93.5","16.3"
"Kevin Bahl","Flames","-221.1"," - ","D","-","77.5","2.7","15.9","18.6","-2.4","62.1","2.1","0.6","0","0.6","81.9","21.5","0","114.4","141.8"
"Pius Suter","Blues","-221.3"," - ","C","-","77.3","16","17.1","33.1","3","15.2","13.9","1.3","2.5","3.8","121.9","16","285","35.4","53.9"
"Andrew Mangiapane","Oilers","-221.64"," - ","LW","-","80","14.5","20","34.5","2.2","31","12.7","1","2.7","3.7","119.3","14.5","5","29.7","81"
"Anthony Mantha","Penguins","-221.88"," - ","RW","-","65.7","17.9","17.5","35.4","4","30.1","14.5","2.6","2.8","5.4","102.7","14.4","6.4","27.6","58.9"
"Jean-Gabriel Pageau","Islanders","-221.97"," - ","C","-","77","12.4","25","37.5","-0.4","17.6","9","2.1","2.3","4.4","110.6","16.5","619.6","61.8","158.7"
"Joel Edmundson","Kings","-222.66"," - ","D","-","69.2","4.2","12","16.2","7.5","32.7","4.2","0","0.6","0.6","82","20.5","0","111","109.2"
"Conor Timmins","Sabres","-223.62"," - ","D","-","68","3.2","16.1","19.3","6","32.4","3.2","0","2","2","67.1","16.7","0","83.3","62.1"
"Pavel Mintyukov","Ducks","-223.84"," - ","D","-","68","4","15.7","19.7","-9.2","18.8","4","0","4","4","67.3","15.3","0","70.4","71.8"
"Trevor van Riemsdyk","Capitals","-223.98"," - ","D","-","74.8","1.7","16.5","18.1","9.1","24.1","1.7","0","0.2","0.2","77.2","17.8","0","127.7","15"
"Drew Helleson","Ducks","-224.08"," - ","D","-","69.7","4.1","11.6","15.7","3.9","57.9","4.1","0","0","0","86.2","17.7","0","97.8","129.9"
"Erik Gudbranson","Blue Jackets","-224.94"," - ","D","-","75.2","3.1","15.7","18.8","-6.2","54.8","3.1","0","0","0","79.3","17.8","0","126.7","93.9"
"Matej Blumel","Bruins","-225.34"," - ","RW","-","74.8","15.6","15.1","30.7","-6.6","29","13.2","2.4","2.3","4.7","132.3","13.8","0","26.5","114.7"
"Ryan Lindgren","Kraken","-226.12"," - ","D","-","72.3","3.1","16.1","19.2","12","38.6","2.9","0","0","0","66.1","18.8","0","108.5","86.5"
"Connor Clifton","Penguins","-226.62"," - ","D","-","76.7","2.7","15.6","18.3","4.5","55.7","2.6","0","0","0","74.6","16.8","0","116.6","212.4"
"Brandon Saad","Knights","-226.64"," - ","LW","-","75.8","16.8","15.5","32.3","-3.1","10.6","14.6","1.8","1.7","3.5","121.8","14","7.4","18.7","14.5"
"Brian Dumoulin","Kings","-226.76"," - ","D","-","79.5","3.4","15.9","19.2","8","15.2","3.4","0","0","0","66.5","17.9","0","96.4","76.6"
"Andrew Peeke","Bruins","-226.84"," - ","D","-","79.3","2.4","15","17.4","-5","19.7","1.7","0","0","0","84.3","18.9","0","147.9","140"
"J.T. Compher","Red Wings","-227.41"," - ","C","-","76.3","13","23.2","36.2","-1.6","25.6","8","4.4","4.6","9","99","16.5","465.7","57.1","33.3"
"Nicolas Roy","Maple Leafs","-228.48"," - ","C","-","71","14.3","20.1","34.4","2.4","35.5","12.1","1.9","3.5","5.4","108.7","15.3","371.3","41.8","75.9"
"Ilya Mikheyev","Blackhawks","-228.72"," - ","RW","-","70.3","15.6","15.8","31.4","1.4","9.5","13.9","0.2","0.4","0.6","130.1","15.7","3.4","15.8","34.7"
"Yanni Gourde","Lightning","-229.94"," - ","C","-","73","9.8","25.9","35.8","7","61.4","8.4","0.6","1.4","2","116.3","16.3","398.6","44.8","129.6"
"Jamie Oleksiak","Kraken","-230.7"," - ","D","-","77.8","4","12.7","16.7","0.7","37.6","4","0","0","0","76.4","18.7","0","145.2","88.3"
"Evgenii Dadonov","Devils","-230.93"," - ","RW","-","70.5","15.5","18.7","34.3","-1.5","11.1","12.6","2.9","2.8","5.7","105.7","13.9","0.4","33.9","40.3"
"Nic Hague","Predators","-230.97"," - ","D","-","74","3.8","9.6","13.5","-2.7","44.9","3.8","0","0","0","93.1","18","0","97.8","115.5"
"Anthony Duclair","Islanders","-231.06"," - ","LW","-","71","18","12.5","30.5","-7.8","25.5","13","4.9","3.7","8.6","113.5","15.6","9","34.4","45.5"
"Matthew Wood","Predators","-231.39"," - ","RW","-","80.5","12.8","18.3","31.1","0","26.8","10.2","2.6","3.7","6.3","122.8","13.3","15.3","30.7","30.7"
"Adam Henrique","Oilers","-231.55"," - ","C","-","75","15.7","16.9","32.6","1.1","21.2","11.7","3","4.2","7.2","106.9","14.7","468.9","66.4","58.5"
"Olli Maatta","Utah","-231.64"," - ","D","-","73.3","3.4","15.6","19","6.4","15.1","3.4","0","0","0","63.3","19","0","113","43.7"
"Vladislav Namestnikov","Jets","-232.16"," - ","C","-","77","10.6","25.2","35.8","8.3","37.6","8.1","2.2","5.6","7.8","98","14.8","254.8","41.9","92"
"Artem Zub","Senators","-232.37"," - ","D","-","64.8","3.4","14.3","17.7","3.8","37.3","3.1","0","0.5","0.5","68.6","20.8","0","118.6","105"
"Brenden Dillon","Devils","-233.42"," - ","D","-","80","3.8","14.2","18.1","10.5","71.5","3.8","0","0","0","62.6","18.4","0","104","201.4"
"Elmer Soderblom","Red Wings","-233.75"," - ","LW","-","71.2","15","18.3","33.3","2","23.2","15","0","0","0","118.4","14.8","9.4","38.1","115.8"
"Mario Ferraro","Sharks","-234.39"," - ","D","-","76","4.1","12.6","16.7","-29.3","41","4.1","0","0.2","0.2","88.3","21.5","0","126.7","133.2"
"Nick Foligno","Blackhawks","-234.48"," - ","LW","-","76","14.3","18.7","33","-7.1","48.8","9.2","3.8","4","7.8","108.2","15","243.1","33.3","181.3"
"Nils Lundkvist","Stars","-235.42"," - ","D","-","60","2.1","11.9","14","6.4","24.2","1.9","0.2","1.2","1.4","81.1","15","0","49.1","42.5"
"Brandon Carlo","Maple Leafs","-235.89"," - ","D","-","78.3","2.3","10.9","13.2","18.1","38.4","2.3","0","0","0","80.3","19.3","0","140.1","111.6"
"Jeff Petry","Panthers","-235.94"," - ","D","-","67.3","2.4","15","17.4","4","25","2","0.4","1.8","2.2","64.3","16.5","0","99","108.7"
"Wyatt Kaiser","Blackhawks","-236.63"," - ","D","-","74","4.1","9.7","13.7","-1.5","29.9","4.1","0","0","0","83.7","19.8","0","127.4","69.8"
"Erik Cernak","Lightning","-237.42"," - ","D","-","71.7","2.4","14.5","16.9","16.9","50.9","2.2","0","0","0","62.6","18.3","0","83.4","172.1"
"Dmitry Kulikov","Panthers","-237.47"," - ","D","-","73.3","2.8","12.9","15.7","8.4","41.9","2.8","0","0.5","0.5","70.6","17.8","0","79.2","120.3"
"Chris Tanev","Maple Leafs","-238.92"," - ","D","-","74.3","2.3","15.3","17.6","24.1","23.8","2.3","0","0.2","0.2","53.6","19.8","0","185","34"
"Jani Nyman","Kraken","-239.86"," - ","RW","-","70","11.7","15.4","27.1","-4.4","23.3","7.8","3.9","5.8","9.7","128.5","14","5.8","40.9","75.9"
"Zach Benson","Sabres","-241.65"," - ","LW","-","73.5","11.5","19.9","31.4","-1.3","54.2","9.6","2","1.5","3.5","119.9","15.9","4.8","34","37.8"
"Philip Tomasino","Penguins","-242.26"," - ","RW","-","67.3","12","18.1","30.1","-4.2","13.7","8.9","3.1","5.8","8.9","113.5","13.5","7.3","27.3","56.6"
"Zach Whitecloud","Knights","-242.96"," - ","D","-","74","3.9","10.6","14.5","4.8","39.9","3.9","0","0","0","70.5","17.5","0","110.9","127.5"
"Liam Ohgren","Wild","-243.13"," - ","LW","-","74","12.9","16.8","29.7","-9.5","6.3","12.9","0","4.2","4.2","125.7","13.8","0","37.7","84.8"
"Erik Haula","Predators","-243.22"," - ","C","-","75.6","12.6","15.3","27.9","-0.5","43.4","10.4","1.6","2.9","4.5","128.6","14.7","430.8","33.2","93.3"
"Sam Colangelo","Ducks","-243.38"," - ","RW","-","72","15.6","14.9","30.5","-2.2","4.6","11.3","2.8","3.7","6.5","106.7","13.5","8.9","6.7","40"
"Egor Zamula","Flyers","-244.06"," - ","D","-","67.9","3.9","14.8","18.7","-7.6","17.1","3.1","0.8","2.8","3.6","49.5","16.5","0","91","31.9"
"Carson Soucy","Rangers","-244.53"," - ","D","-","72.3","3.7","9.4","13.1","1.1","45.2","3.3","0.4","0.4","0.8","75.7","18","0","104.4","119.3"
"Urho Vaakanainen","Rangers","-244.67"," - ","D","-","68","1.8","15.4","17.1","1.5","23.1","1.8","0","0","0","63.1","17","0","73.1","40.5"
"Ty Emberson","Oilers","-244.87"," - ","D","-","76","2.2","14.2","16.4","-6.4","18.2","2.2","0","0.6","0.6","68.6","16.6","0","105.9","154.6"
"Lian Bichsel","Stars","-245.2"," - ","D","-","75.2","4.2","8.9","13.1","1.5","102","4.2","0","0","0","75.4","15.3","0","47.3","340"
"Jesperi Kotkaniemi","Hurricanes","-246.35"," - ","C","-","76.3","12.3","18.6","30.9","2.4","42.8","11.3","0.8","2.1","2.9","114.4","13.5","333.7","26.7","65.7"
"Nils Hoglander","Canucks","-246.88"," - ","LW","-","74","15.2","16.7","32","5.7","36.4","15.2","0","0.6","0.6","106.2","13.5","0.2","23.5","90.8"
"Alex Wennberg","Sharks","-246.99"," - ","C","-","79.5","10.8","24.1","34.9","-6","15.5","7.2","3.3","5.5","8.8","90.8","18.9","559.1","76.8","38.5"
"Henri Jokiharju","Bruins","-247.08"," - ","D","-","63.5","3","10.8","13.9","4.5","20.3","3","0","0","0","71.2","19.3","0","70.4","65.9"
"Jordan Staal","Hurricanes","-247.6"," - ","C","-","76","12.3","20.3","32.6","2.1","26.9","10.9","0","0.3","0.3","111.4","15.4","740.5","39.4","137.2"
"Tyler Tucker","Blues","-248.09"," - ","D","-","74.4","5.4","7.7","13.1","1.9","125.3","5.4","0","0","0","69.3","16.3","0","88.4","188.4"
"Zach Bogosian","Wild","-248.12"," - ","D","-","70.3","3.1","10.1","13.3","-0.2","48.8","3.1","0","0","0","75.1","16","0.2","67.9","95"
"Scott Laughton","Maple Leafs","-248.17"," - ","C","-","76.8","11.5","18","29.5","1.9","38.9","9.1","1","1.7","2.7","121.1","13.5","306.7","44.3","137.7"
"Johnathan Kovacevic","Devils","-248.17"," - ","D","-","62.3","2.8","11.7","14.4","8.5","53.1","2.8","0","0","0","65.1","20.7","0","84","85.3"
"Alex Kerfoot","Utah","-248.42"," - ","LW","-","82","11.1","21.9","33","-2.8","20","8.4","1","3.8","4.8","104.1","15.2","263.9","63","60"
"Alex Newhook","Canadiens","-248.69"," - ","C","-","72.5","15.2","14.8","30","-7.2","22.3","13.8","1.4","3.7","5.1","109.8","15.9","236.1","30.8","68.5"
"Ian Cole","Utah","-250.59"," - ","D","-","78.3","1.6","12.7","14.3","4.3","65.3","1.6","0","0","0","68.3","19","0","154.3","95.3"
"Luke Schenn","Jets","-252.86"," - ","D","-","68.8","1.7","8.8","10.4","-0.3","55.3","1.7","0","0","0","85","17.5","0","98.6","292.5"
"Daniil Gushchin","Avalanche","-253.45"," - ","F","-","74.8","12.5","14.4","26.9","-4.2","8.3","Invalid Number","3.1","4.8","7.9","116.4","13.2","4.2","33.2","12.5"
"Lawson Crouse","Utah","-253.57"," - ","LW","-","76","14.9","10.9","25.8","-2","31.5","11.7","3.2","1.1","4.3","122.6","13.8","20.6","42.7","158.2"
"Cole Sillinger","Blue Jackets","-254.51"," - ","C","-","71.5","10","18.1","28.1","-5.3","35.4","7.8","1.6","0.7","2.3","128.5","15.2","341.4","46.9","91.3"
"Nikita Nesterenko","Ducks","-256.8"," - ","C","-","73","13.7","14.8","28.5","-4","7.3","12.3","1.4","1.5","2.9","113.9","11.3","0","18.2","134.4"
"Jeremy Lauzon","Knights","-257.23"," - ","D","-","70.7","3.4","6.5","10","-6.9","86.1","3.4","0","0","0","82.7","18.3","0","89.8","320.7"
"Jonas Siegenthaler","Devils","-257.98"," - ","D","-","65.5","2.2","9.9","12.1","7.7","39.2","2","0.2","0","0.2","66.2","19.5","0","84.6","89.7"
"Alex Iafallo","Jets","-258.13"," - ","LW","-","75.5","12.1","15.3","27.4","7.9","11.7","7.7","4.4","2.8","7.2","104.7","13.3","8.8","47","40.4"
"Jacob Bernard-Docker","Red Wings","-258.84"," - ","D","-","71.1","3.7","10.3","13.9","-0.2","29.7","3.7","0","0","0","58.3","15.6","0","127.1","62.7"
"Maxim Tsyplakov","Islanders","-259.2"," - ","RW","-","77.1","10.1","21.9","32","0.9","39.1","9.1","1","1.7","2.7","101.4","13.1","8.7","35","122.4"
"Tyler Kleven","Senators","-259.21"," - ","D","-","75.6","3.6","6.7","10.3","-10.9","26.3","3.6","0","0.9","0.9","78.5","15.1","0","95.3","102"
"Matt Dumba","Penguins","-259.46"," - ","D","-","72.7","2.6","9","11.6","-9.9","74.2","2.6","0","0.5","0.5","75","17.8","0","85.5","120.7"
"Emil Lilleberg","Lightning","-261.5"," - ","D","-","77.7","0.8","16.5","17.3","-8.8","89.1","0.8","0","0","0","51.9","15.6","0","72.4","143"
"Connor Murphy","Blackhawks","-262.45"," - ","D","-","63","2.6","10.3","12.9","-7.9","45.8","2.3","0","0","0","65.9","18.1","0","126.8","112.1"
"Mavrik Bourque","Stars","-262.99"," - ","C","-","78","13.4","16.2","29.6","3.5","9.3","12.2","1.2","2.3","3.5","97.3","13.8","186.5","42.9","53.3"
"Scott Mayfield","Islanders","-266.05"," - ","D","-","69","2.7","8.2","10.9","8.6","41.6","2.2","0","0","0","61.4","17","0","119.7","90.5"
"Kirby Dach","Canadiens","-266.64"," - ","C","-","61.7","11.6","16.9","28.5","-9","41.2","8.6","3","7.6","10.6","93.3","15.7","92.2","36","80.1"
"Albert Johansson","Red Wings","-266.69"," - ","D","-","73.4","3.9","7.9","11.8","-7.2","39.3","3.9","0","0","0","62.8","17.8","0","108.6","91.6"
"Eetu Luostarinen","Panthers","-267.25"," - ","LW","-","80.5","11.4","17","28.4","4.9","27.4","9.9","1","1","2","104.9","15.7","78.8","55.9","144.4"
"Michael Eyssimont","Bruins","-267.62"," - ","LW","-","79","9.5","10.4","19.9","1.7","81","8.8","0.7","0.7","1.4","149.6","11.3","7.5","24.1","125"
"Frederick Gaudreau","Kraken","-267.71"," - ","C","-","76.8","12.8","14.7","27.5","-3","8.8","8.8","3.4","1.6","5","103","14","403.1","48.3","35.3"
"Gage Goncalves","Lightning","-268.51"," - ","C","-","74","12.1","18.2","30.3","2.7","17.3","10.6","1.5","1.5","3","92.5","16.1","4.5","30.3","110.7"
"Ethan Del Mastro","Blackhawks","-269.33"," - ","D","-","70","2.9","10.8","13.6","-4","16.2","2.9","0.3","0","0.3","51.2","18.3","0","56.6","113.1"
"Logan Stanley","Jets","-269.7"," - ","D","-","63","1.5","10.8","12.3","8.4","81.8","1.5","0","0","0","53.9","15.5","0","81.7","100"
"Cody Glass","Devils","-269.94"," - ","C","-","68.5","9.1","17.2","26.3","-2.3","22.1","7.2","1.9","1.7","3.6","116.8","14.5","268","37.5","58.3"
"Michael Amadio","Senators","-270"," - ","RW","-","70.7","13.2","14.5","27.7","3.9","16.7","11.5","1.7","0.8","2.5","100.4","14.1","53.5","38.7","81.6"
"Adam Klapka","Flames","-270.21"," - ","RW","-","74","15.6","9.6","25.2","-2.4","69.3","15.6","0","0","0","115","11","14.4","67.1","309.2"
"Nick Bjugstad","Blues","-270.74"," - ","C","-","73.3","12","12.8","24.9","2.1","28.2","10.5","1.1","1.1","2.2","116.8","12.3","338.6","31.5","102.5"
"Martin Pospisil","Flames","-271.84"," - ","RW","-","75","6.3","19.8","26.1","3.9","98.3","5.6","0.7","1.8","2.5","120.8","13.8","53.5","25.4","287.1"
"Corey Perry","Kings","-272.28"," - ","RW","-","74.5","15","10.7","25.7","2.5","60.4","11.1","3.9","2.8","6.7","94.2","11.5","8.2","18.6","39.5"
"Anthony Beauvillier","Capitals","-273.21"," - ","LW","-","74.5","11.2","11.6","22.7","-1.5","12.6","9.6","1.1","1.2","2.3","126.5","12.4","17","30.9","90.9"
"Michael Rasmussen","Red Wings","-273.52"," - ","LW","-","76","12","15.6","27.6","-1.6","36.5","10.7","1.1","1.2","2.3","103.1","14.3","105.7","64.1","138.3"
"Brett Howden","Knights","-274.31"," - ","LW","-","74","15","13.2","28.2","2.9","41.8","13.9","0","0","0","95.5","13.8","208.1","49.3","106.4"
"Christian Dvorak","Flyers","-274.39"," - ","C","-","72","12.1","17.7","29.9","-3.7","12.2","10.8","1.1","1.2","2.3","93.3","15.9","524.8","63.4","34.8"
"Elias Pettersson (D)","Canucks","-275.63"," - ","D","-","75.2","1.7","8.7","10.4","-6.7","57","1.7","0","0","0","63.7","16","0","53.6","130.7"
"Drew O&#x27;Connor","Canucks","-275.72"," - ","LW","-","76.3","10.9","13.8","24.7","-2","25.2","9.6","0.5","0.5","1","119.1","14","33.5","48.8","68.8"
"Ondrej Palat","Devils","-276.33"," - ","LW","-","73.5","12.3","15.4","27.7","-2.2","18.7","10.3","1.5","2.6","4.1","95.2","13.8","3.2","44.7","102.4"
"Mattias Samuelsson","Sabres","-279.64"," - ","D","-","52.7","2.5","7.8","10.3","5","21.4","2.5","0","0.5","0.5","50.3","19.3","0","82.2","98.4"
"Mason Appleton","Red Wings","-279.76"," - ","RW","-","73.7","10.6","15.4","26","-2.3","21.3","9.5","0.8","0.5","1.3","109","14.8","8.4","30.4","82.4"
"Aatu Raty","Canucks","-279.8"," - ","C","-","74","14","10.8","24.8","-1.2","38.7","14","0","2.3","2.3","103.9","13.7","512","24.1","214.7"
"Josh Anderson","Canadiens","-280.24"," - ","RW","-","74.3","12.8","10.4","23.2","-3.7","73.8","11.5","0.7","0.6","1.3","116.8","14.3","20.5","35.7","150.6"
"Ilya Lyubushkin","Stars","-280.39"," - ","D","-","74.8","0.9","11.4","12.3","-1.4","41.8","0.7","0","0","0","48.8","17.5","0","140.7","118.3"
"Dakota Joshua","Maple Leafs","-280.71"," - ","LW","-","76.7","14.2","13.6","27.8","2","65.6","12.1","1.3","0.7","2","88","14.4","35.5","43.3","287.4"
"Brayden Pachal","Flames","-281.05"," - ","D","-","62.9","2.3","7.1","9.5","2.1","68.6","2.3","0","0","0","55.9","14.2","0","72.5","139.7"
"Jonatan Berggren","Red Wings","-281.07"," - ","RW","-","71.3","13.3","13.2","26.5","-6.4","14.5","9.9","3.4","2.4","5.8","91.6","13.3","4.2","20","34"
"Collin Graf","Sharks","-281.14"," - ","RW","-","73","9.1","18.9","28","-3.7","17.7","5.5","1.8","7.1","8.9","85.8","16","7.3","40.2","45.7"
"Jayden Struble","Canadiens","-283.28"," - ","D","-","56","2.3","9.1","11.4","0","52.5","2.3","0","0","0","45.7","15","0","52.1","119.8"
"Joel Hanley","Flames","-283.58"," - ","D","-","62.9","2.1","8.2","10.3","6.3","36.3","2.1","0","0","0","47.2","18.6","0","103.1","75.1"
"Jake Bean","Flames","-284.82"," - ","D","-","56.6","2.3","5.9","8.3","-3.3","14.5","2.3","0","0.2","0.2","59.6","15.1","0","57.1","21.2"
"Andrew Copp","Red Wings","-284.87"," - ","C","-","72.3","10.5","18.3","28.8","-0.9","16.4","9","0.5","1.8","2.3","88.1","14.7","435.1","39.9","20.3"
"Philipp Kurashev","Sharks","-285.28"," - ","RW","-","70.7","10.5","17.3","27.8","-8.2","16.3","8.2","2.3","4.7","7","85.7","14","100.8","27.9","28.4"
"Adam Lowry","Jets","-285.45"," - ","C","-","63","11.4","16.5","28","6.1","33","10.7","0","0.8","0.8","88.9","15.5","508.5","47","126.5"
"Jonny Brodzinski","Rangers","-285.67"," - ","C","-","68.5","12.2","11.9","24.1","2","9.1","11.8","0.5","0.5","1","105.6","11.7","153.5","26.8","39.3"
"Arber Xhekaj","Canadiens","-287.4"," - ","D","-","54.1","2.1","5.5","7.6","-5.5","92.3","1.8","0.3","0.2","0.5","60.4","14.5","0","49.5","142"
"Derek Forbort","Canucks","-287.65"," - ","D","-","60","2.3","8.6","10.9","1.5","39.3","1.9","0","0.6","0.6","40.9","17","0","88.9","89.8"
"Conor Geekie","Lightning","-289.14"," - ","C","-","76","13.2","10.2","23.4","-1.6","23.4","11.6","1.7","1.7","3.4","99.3","13.6","117.9","40.4","156.7"
"Vasily Podkolzin","Oilers","-289.17"," - ","RW","-","77.5","9.9","14.2","24.1","1","43.6","9.9","0","0","0","109.6","13.8","14.3","46.4","212.2"
"Hendrix Lapierre","Capitals","-290.73"," - ","C","-","72.5","8.6","23.3","32","-1","10.7","8.6","0","1.8","1.8","73.2","12.5","150.5","47.6","39.9"
"Fedor Svechkov","Predators","-290.81"," - ","C","-","65","11.4","12.9","24.3","-6.1","17.5","8.6","2.9","4.3","7.2","91.5","14.8","175.9","34.3","45.8"
"Simon Benoit","Maple Leafs","-291.04"," - ","D","-","73.3","1.3","6.7","8","2.9","55.5","1.3","0","0","0","52.8","16.5","0","102.9","209.3"
"Haydn Fleury","Jets","-291.65"," - ","D","-","54","0.6","8.6","9.1","-10.7","20.5","0.6","0","0","0","55.9","16","0","71.9","67.8"
"Justin Brazeau","Penguins","-294.88"," - ","RW","-","77.3","12.3","10.5","22.8","-2.6","16.4","7.7","4.6","0.8","5.4","93.7","11.5","4.3","39.3","129.6"
"Eric Robinson","Hurricanes","-294.89"," - ","LW","-","73.7","10.7","14.2","24.9","1.2","12.9","10.7","0","0","0","97.8","12.3","5.3","17.7","120.6"
"Paul Cotter","Devils","-296.31"," - ","LW","-","77.5","13.4","10.3","23.7","-6.1","41.1","12.7","0.7","0.7","1.4","96.5","13.1","32.8","29.8","240.7"
"Marcus Foligno","Wild","-296.38"," - ","LW","-","72","12.1","14.6","26.7","3","77.9","12.1","0","0.6","0.6","82.7","14.5","7.4","46","238.5"
"Jack Drury","Avalanche","-297.75"," - ","C","-","73","7.9","13.9","21.8","1.3","27.5","6.6","1.3","2.6","3.9","105.9","13","393.6","44.4","39.1"
"Owen Pickering","Penguins","-297.99"," - ","D","-","72","1.6","7.2","8.8","-7.8","18.7","1.6","0","0","0","46.8","16.1","0","59.3","40.6"
"Jason Dickinson","Blackhawks","-298.39"," - ","C","-","74","12.4","12.7","25.2","-4.8","38.7","11.6","0.8","0","0.8","90.8","15.5","500.5","64.6","118"
"Miles Wood","Blue Jackets","-299.37"," - ","LW","-","68.3","8","11","19","-2.2","68.3","7.2","0.4","0.2","0.6","125.6","11.4","6.5","21.1","84.4"
"Jack McBain","Utah","-299.62"," - ","C","-","77","11.3","15.4","26.8","2.6","67.2","10.8","0.5","1","1.5","79.1","13.6","277.6","47","268.4"
"Connor Dewar","Penguins","-299.81"," - ","C","-","77.5","10.4","12.1","22.5","-3.9","39.2","9","0","0","0","106.5","14.5","200.9","60.9","198.2"
"Lars Eller","Senators","-301.47"," - ","C","-","79.5","9.8","11.3","21.1","-1","30.8","8.3","1.1","0.7","1.8","106.6","12.5","379.9","35.8","52.5"
"Kevin Stenlund","Utah","-303.31"," - ","C","-","78.7","12.7","9.7","22.4","-3.1","46.6","11.1","0","0","0","97.5","14.4","547.7","58.8","62.2"
"Calle Jarnkrok","Maple Leafs","-303.52"," - ","C","-","63.7","10.8","14.7","25.6","3.3","15.2","8.5","1.5","1","2.5","78.6","13.2","43.5","17.6","50.6"
"Connor Brown","Devils","-305.88"," - ","RW","-","72.3","8.6","12.3","21","0.9","9.3","8.1","0","0","0","108.2","13.5","15.2","29.3","22.9"
"Joel Armia","Kings","-306.76"," - ","RW","-","69","10.7","11.2","21.9","-0.4","20","8.7","0","1.5","1.5","95.5","13","3.2","30.5","57.7"
"Justin Holl","Red Wings","-307.05"," - ","D","-","65","1.3","7.1","8.4","1.7","20.9","1.3","0","0","0","33.9","14.8","0","70.8","60.3"
"Colton Sissons","Knights","-307.56"," - ","C","-","78.5","9.3","14.8","24.2","-3.9","23.9","7.5","0.9","1.9","2.8","87","13.4","423.8","55.9","109.5"
"Oliver Moore","Blackhawks","-308.48"," - ","C","-","68.1","8.6","18.7","27.3","-3.8","30.3","6.9","1.7","0","1.7","75.7","13.6","83.3","15.1","45.4"
"Jake Evans","Canadiens","-308.94"," - ","C","-","72.5","8.6","20","28.6","-0.3","16.7","6.7","0.2","0","0.2","70.8","15.6","514.5","54.5","88.8"
"Ryan Shea","Penguins","-310.06"," - ","D","-","75.2","2.2","4.1","6.3","-11.3","24.8","2.2","0","1.4","1.4","42","16.8","0","92.2","50"
"Jesper Boqvist","Panthers","-310.55"," - ","C","-","74","11.5","11.9","23.3","1.9","11.7","10.9","0","0","0","84.9","13.3","75.2","22.5","150.2"
"Justin Danforth","Sabres","-310.62"," - ","RW","-","66","9.5","13.8","23.3","-3.9","21.5","8.9","0","0.6","0.6","91.6","14.3","266.5","48.3","120.2"
"Trent Frederic","Oilers","-311.36"," - ","LW","-","70","11","11.2","22.2","3.2","46.7","10","1","0.9","1.9","85.5","11.4","80","32","138.8"
"Mathieu Olivier","Blue Jackets","-312.15"," - ","RW","-","74","11.7","11.2","23","-3.5","108.5","10.9","0","0","0","87.9","12.8","8.8","61.9","241.2"
"Jake Christiansen","Blue Jackets","-314.54"," - ","D","-","45","0.5","5.3","5.9","0.2","7.5","0.5","0","0.2","0.2","39.3","13.3","0","45.1","34.9"
"Zachary L&#x27;Heureux","Predators","-314.72"," - ","LW","-","70.3","8.2","13.1","21.3","-1.8","60.1","8.2","0","1.3","1.3","96.1","13.1","0","30.8","243.9"
"Ryan Poehling","Ducks","-315.84"," - ","C","-","72.5","9.8","14.8","24.6","-2.7","10.4","7.4","1.2","0.7","1.9","75.8","12","336.2","71.3","39.3"
"Taylor Raddysh","Rangers","-315.84"," - ","RW","-","77","7.5","13.8","21.4","-6.3","16.4","5.9","1.4","2.2","3.6","93.8","12.4","10.7","24.7","61.7"
"Ivan Ivan","Avalanche","-316.41"," - ","C","-","76","12.1","7.2","19.3","-3","19.3","7.2","4.8","2.4","7.2","82","12.7","135","21.7","28.9"
"Alex Turcotte","Kings","-316.42"," - ","LW","-","70.8","8.8","14.4","23.2","1.7","20.8","7.9","0.9","0.8","1.7","81.6","11.8","71","31.7","46.8"
"Brandon Tanev","Utah","-317.33"," - ","LW","-","75.7","9.8","11.9","21.6","-0.8","31.1","9.6","0","0","0","90.2","13.3","6.7","80.2","159.1"
"Nic Dowd","Capitals","-318.82"," - ","C","-","68.8","12.6","11.4","24","1.9","45.7","11.7","0","0","0","70.6","15.2","509.3","71.2","120.9"
"Fraser Minten","Bruins","-319.01"," - ","C","-","71.5","10","9.6","19.6","-4.2","6.8","8.3","1.7","2.4","4.1","90","15","319","36.9","174.6"
"Sam Steel","Stars","-322.67"," - ","C","-","72.3","7.2","16","23.3","-0.5","26.4","6","0","0.5","0.5","82.1","13.8","181.1","24.2","53"
"Garnet Hathaway","Flyers","-322.92"," - ","RW","-","77.3","9.7","10.5","20.2","0.6","84.9","8.4","0","0","0","90.1","11.9","11.2","68.2","285.2"
"Keegan Kolesar","Knights","-322.97"," - ","RW","-","78","9.7","13.6","23.4","0","53","9.4","0","0","0","76.6","12.1","6.2","41.2","250.5"
"Peyton Krebs","Sabres","-323.02"," - ","C","-","78.3","7.8","15.9","23.7","-0.1","59.4","6.4","0.7","0.4","1.1","76.6","13.4","294","26.5","116.3"
"Teddy Blueger","Canucks","-323.45"," - ","C","-","69.5","6.1","16.9","23","-1.8","32.2","5.6","0","0","0","86.4","14.1","408.9","40.1","89.3"
"Alexey Toropchenko","Blues","-323.46"," - ","RW","-","78.7","8.3","10.9","19.2","-0.2","24.4","7.5","0","0","0","97.5","12.5","2.4","52.1","187.2"
"Blake Lizotte","Penguins","-325.31"," - ","C","-","68","10.5","12.1","22.7","-2.3","32.7","8.7","0.5","0","0.5","75.5","12.7","235.6","27","73.4"
"Noah Juulsen","Flyers","-331.29"," - ","D","-","55.4","0.5","3","3.5","-9.6","29.2","0.5","0","0","0","36.8","16.3","0","93.5","173.3"
"Max Sasson","Canucks","-333.5"," - ","C","-","71.8","8.3","11","19.3","0.7","31.5","8.3","0","0","0","85.4","11.5","129.4","35.8","49.6"
"Yakov Trenin","Wild","-333.86"," - ","C","-","77.3","8.8","7.2","16","1.4","44.9","7.6","0","0.3","0.3","97.5","12.5","41.6","29.4","200.2"
"Casey Cizikas","Islanders","-334.86"," - ","C","-","76.8","7.4","11.2","18.6","-3.4","35.2","6.6","0","0.8","0.8","89.5","13","348.9","61.5","167.8"
"Oskar Sundqvist","Blues","-335.87"," - ","C","-","68.3","6.7","14.9","21.6","-2.8","31","2.9","3.5","3","6.5","63.6","13.2","212","46.4","75.9"
"Brandon Duhaime","Capitals","-336.59"," - ","RW","-","73.3","8.2","9.3","17.4","0.5","83.6","7.6","0","0","0","90.3","13.4","11.6","49.8","185.6"
"Mitchell Chaffee","Lightning","-336.67"," - ","RW","-","70.3","11.9","6.6","18.5","-0.7","19.5","8.7","3.2","0","3.2","71.1","12","3.3","28.6","159"
"Morgan Barron","Jets","-337.01"," - ","C","-","74.7","8.5","7.7","16.2","3.8","19.9","7.4","0","0.5","0.5","92","10.4","61.5","38.8","114.9"
"Justin Sourdif","Capitals","-338.81"," - ","RW","-","58.5","7.8","11.5","19.3","0.9","40.2","7.8","0","0","0","80.5","12.4","0","40.2","100.6"
"Emil Heineman","Islanders","-339.53"," - ","LW","-","62","11.4","7.8","19.2","-1","20","11.4","0","0","0","73.2","11.8","1","24.4","175.7"
"Logan O&#x27;Connor","Avalanche","-339.93"," - ","RW","-","61","9","10.4","19.4","1.7","25.6","7.9","0","0","0","75.7","14.4","19.4","38.3","62"
"Kasperi Kapanen","Oilers","-341.11"," - ","RW","-","71.3","7.3","11.9","19.2","-6.7","15","6.3","0.5","0.5","1","81.5","12","27.7","17.8","78.4"
"Parker Kelly","Avalanche","-343.14"," - ","C","-","78","7","9.6","16.6","-2.4","32","5.8","0","0","0","91.3","12.2","161.9","64.3","172.6"
"Pontus Holmberg","Lightning","-346.11"," - ","RW","-","69.3","7.7","12.4","20.1","3.2","26.2","6.9","0.2","0.6","0.8","66","11.8","135.5","49.5","50.8"
"Tanner Jeannot","Bruins","-346.19"," - ","LW","-","69.8","8.3","9","17.3","-2.7","100.5","7.9","0.4","0.4","0.8","80.3","13.5","16","42.1","272.2"
"Juuso Parssinen","Rangers","-346.32"," - ","C","-","71.8","8.7","12.8","21.5","-3","21.1","7.7","1.1","2.7","3.8","54.1","10.5","130.4","29.4","100.7"
"Joel Kiviranta","Avalanche","-347.29"," - ","LW","-","68.3","10.8","5.8","16.6","2.9","21.8","10.1","0","0","0","75.3","12.5","13.1","33.3","106.3"
"Michael McCarron","Predators","-348.68"," - ","C","-","72","7.5","9","16.5","-5.5","97.6","7.5","0","0","0","86.2","13.3","420.9","57","149.1"
"Nick Cousins","Senators","-350.99"," - ","LW","-","66.5","6.5","9.8","16.3","-0.2","45.5","6.5","0","0","0","83.8","10.4","17.8","27.9","94.9"
"Mathieu Joseph","Blues","-351.36"," - ","RW","-","64.3","5.3","13.4","18.7","-1.5","32.1","4.1","0.2","0.3","0.5","75","11.9","21","33.1","94.5"
"Nico Sturm","Wild","-352.23"," - ","C","-","68.3","8","8.6","16.6","1.7","18.9","6.9","0","0","0","76.7","12.5","389.5","33.4","99.1"
"Sean Kuraly","Bruins","-352.45"," - ","C","-","73","7.1","9.1","16.2","-3.9","40.8","6.8","0.2","0","0.2","82.9","11.8","314.7","37.8","149.7"
"Cole Koepke","Jets","-353.31"," - ","LW","-","68","8.7","6.9","15.6","-0.3","14.8","8.7","0","0","0","79.5","11.3","0","22.3","169.9"
"Jordan Greenway","Sabres","-354.11"," - ","LW","-","63.7","6.4","10.1","16.4","0.2","52.4","6","0.4","0.7","1.1","77","13.4","10.2","45.3","124"
"Cole Smith","Predators","-354.84"," - ","LW","-","73.3","5.6","10.9","16.5","-3.2","60.8","5.3","0","0","0","82.3","13.6","6.1","28.9","192.4"
"Steven Lorentz","Maple Leafs","-355.53"," - ","LW","-","75.7","7","8.9","15.9","3","12.1","6","0.2","0","0.2","77.2","10.6","85.6","38.6","166.5"
"Radek Faksa","Stars","-357.76"," - ","C","-","75.5","6.7","10.4","17","0.3","28.2","5.9","0","0","0","72","12.5","359.4","49.6","104.3"
"Rodrigo Abols","Flyers","-361.65"," - ","C","-","69","6.3","9.5","15.8","-7.9","12.5","6.3","0","0","0","78.9","9.3","208.3","37.9","78.9"
"William Carrier","Hurricanes","-363.18"," - ","LW","-","50.3","7.7","6.6","14.3","2.1","21.1","7.7","0","0","0","75.2","11.7","6.2","16.5","148.8"
"Tye Kartye","Kraken","-364.21"," - ","LW","-","71.7","7.7","7.5","15.1","-4.1","38.6","7.1","0","0","0","73.5","9.8","17.7","26.9","187.1"
"Oskar Bäck","Stars","-364.37"," - ","C","-","74","4.7","16.3","21","0.6","9.4","4.7","0","0","0","51.6","13.5","105.5","41","32.8"
"Sam Carrick","Rangers","-367.09"," - ","C","-","68.3","6.1","8.8","14.9","-1.9","70.2","4.8","0.3","0","0.3","73.3","11.7","322.8","33.3","127.1"
"Oliver Kapanen","Canadiens","-370.52"," - ","C","-","72.4","6.7","8.2","14.9","-2.1","8","6.1","0.7","0.8","1.5","65.6","11.1","98.4","32.8","4.1"
"Landon Slaggert","Blackhawks","-374.15"," - ","LW","-","72","4.5","10.1","14.6","-5.3","43","4.5","0","0","0","72.9","12.3","0","28.6","60.2"
"Mattias Janmark","Oilers","-377.25"," - ","C","-","71","3.9","12.8","16.7","-0.7","30","3.4","0","0","0","58.9","13.3","61.1","26.5","42.1"
"Barclay Goodrow","Sharks","-378.86"," - ","C","-","79.5","5.8","7.7","13.4","-11.1","72.9","4.8","0.2","0.2","0.4","72","13.4","210.8","67.6","151.2"
"Sam Lafferty","Blackhawks","-379.46"," - ","C","-","69.7","7.4","6.9","14.3","-3.7","27.6","6.5","0","0","0","61","10","117.9","21.4","114.2"
"Colin Blackwell","Stars","-382.17"," - ","C","-","54.5","5.5","7.6","13.1","-0.7","11.4","4.3","0.3","0.5","0.8","64.1","11.6","82.4","19.3","60.4"
"Isac Lundestrom","Blue Jackets","-384.26"," - ","C","-","73.3","4.7","10.1","14.8","-4.7","6.6","4.2","0","0.9","0.9","58","13.5","357.6","53.8","47.6"
"Ryan Lomberg","Flames","-384.47"," - ","LW","-","79","4.8","6.5","11.4","-1.4","64.4","4.5","0.3","0","0.3","72.6","8.7","6.3","18.7","132.7"
"Ty Dellandrea","Sharks","-392.76"," - ","C","-","73","3","10.1","13.1","-9.4","51.4","3","0","0","0","64.5","11.8","168.3","37.9","136.9"
"John Beecher","Bruins","-396.85"," - ","C","-","73.5","5.7","7.4","13.1","-4.8","31.2","5.7","0","0","0","51.4","12.6","344.7","69.1","118.3"
"Rasmus Kupari","Jets","-400.03"," - ","C","-","69.7","4.3","5.6","9.9","-2.1","16.2","4.3","0","0","0","63.7","10.3","277","27.5","85.8"
"Adam Edstrom","Rangers","-400.4"," - ","C","-","54.3","7.1","4.4","11.6","-2","28.8","7.1","0","0","0","49.9","11","0","39.4","127.7"
"Tomas Nosek","Panthers","-404.63"," - ","LW","-","66.7","2.7","8.3","11","0.1","17.7","1.8","0.6","0","0.6","54.7","9.8","251","27.1","73.4"
"Nicolas Deslauriers","Flyers","-428.53"," - ","LW","-","67.5","3.1","3.3","6.3","-5.6","77.4","2.8","0","0","0","52.2","8","3.4","19.4","202.3"
"Zack Ostapchuk","Sharks","-444.68"," - ","C","-","71","2.5","3.5","6","-2.6","57.1","2.5","0","0","0","35.7","9.8","170.5","31.1","141.7"